uri_equipo,ano_inicio,victorias_total,partidos_jugados,puntos_total,puntos_promedio,valoracion_total,valoracion_promedio,asistencias_total,asistencias_promedio,robos_total,robos_promedio,perdidas_total,perdidas_promedio,tapones_total,tapones_promedio,rebotes_ofensivos_total,rebotes_ofensivos_promedio,rebotes_defensivos_total,rebotes_defensivos_promedio,rebotes_totales_total,rebotes_totales_promedio,faltas_cometidas_total,faltas_cometidas_promedio,faltas_recibidas_total,faltas_recibidas_promedio,mas_menos_total,mas_menos_promedio,t2_metidos_total,t2_metidos_promedio,t2_intentados_total,t2_intentados_promedio,t3_metidos_total,t3_metidos_promedio,t3_intentados_total,t3_intentados_promedio,t1_metidos_total,t1_metidos_promedio,t1_intentados_total,t1_intentados_promedio,tiros_campo_metidos_total,tiros_campo_metidos_promedio,tiros_campo_intentados_total,tiros_campo_intentados_promedio,win_rate,ts_porcentaje,ast_ratio,reb_ratio_ofensivo,posesiones_totales,posesiones_por_partido,ortg_equipo,nombre_equipo
https://www.proballers.com/es/baloncesto/equipo/13201/real-murcia,2020,12,26,1912.0,73.54,1905.0,73.27,301.0,11.58,136.0,5.23,337.0,12.96,37.0,1.42,222.0,8.54,610.0,23.46,832.0,32.0,0.0,0.0,0.0,0.0,0.0,0.0,483,18.58,928,35.69,202,7.77,613,23.58,340,13.08,460,17.69,685,26.35,1541,59.27,46.15,54.84,14.47,26.68,1858.4,71.48,102.88,Real Murcia
https://www.proballers.com/es/baloncesto/equipo/13206/real-canoe-n-c,2018,11,34,2321.0,68.26,2225.0,65.44,439.0,12.91,219.0,6.44,455.0,13.38,80.0,2.35,305.0,8.97,770.0,22.65,1075.0,31.62,0.0,0.0,0.0,0.0,0.0,0.0,657,19.32,1410,41.47,214,6.29,734,21.59,365,10.74,546,16.06,871,25.62,2144,63.06,32.35,48.67,15.46,28.37,2534.24,74.54,91.59,Real Canoe
https://www.proballers.com/es/baloncesto/equipo/13206/real-canoe-n-c,2019,5,24,1843.0,76.79,1912.0,79.67,351.0,14.62,169.0,7.04,268.0,11.17,70.0,2.92,236.0,9.83,523.0,21.79,759.0,31.62,0.0,0.0,0.0,0.0,0.0,0.0,455,18.96,923,38.46,204,8.5,626,26.08,321,13.38,443,18.46,659,27.46,1549,64.54,20.83,52.84,17.45,31.09,1775.92,74.0,103.78,Real Canoe
https://www.proballers.com/es/baloncesto/equipo/13206/real-canoe-n-c,2020,5,26,1920.0,73.85,1860.0,71.54,383.0,14.73,176.0,6.77,339.0,13.04,30.0,1.15,230.0,8.85,575.0,22.12,805.0,30.96,0.0,0.0,0.0,0.0,0.0,0.0,523,20.12,1042,40.08,190,7.31,641,24.65,304,11.69,449,17.27,713,27.42,1683,64.73,19.23,51.05,17.26,28.57,1989.56,76.52,96.5,Real Canoe
https://www.proballers.com/es/baloncesto/equipo/13354/almansa-con-afanion,2019,10,24,1838.0,76.58,1886.0,78.58,353.0,14.71,186.0,7.75,287.0,11.96,28.0,1.17,277.0,11.54,552.0,23.0,829.0,34.54,0.0,0.0,0.0,0.0,0.0,0.0,473,19.71,1037,43.21,171,7.12,531,22.12,379,15.79,516,21.5,644,26.83,1568,65.33,41.67,51.2,16.95,33.41,1805.04,75.21,101.83,Almansa Con Afanion
https://www.proballers.com/es/baloncesto/equipo/13354/almansa-con-afanion,2020,12,28,2166.0,77.36,2285.0,81.61,433.0,15.46,181.0,6.46,325.0,11.61,22.0,0.79,215.0,7.68,617.0,22.04,832.0,29.71,0.0,0.0,0.0,0.0,0.0,0.0,561,20.04,1017,36.32,221,7.89,643,22.96,381,13.61,527,18.82,782,27.93,1660,59.29,42.86,57.24,19.53,25.84,2001.88,71.5,108.2,Almansa Con Afanion
https://www.proballers.com/es/baloncesto/equipo/13354/almansa-con-afanion,2021,13,34,2704.0,79.53,2781.0,81.79,466.0,13.71,218.0,6.41,438.0,12.88,40.0,1.18,249.0,7.32,760.0,22.35,1009.0,29.68,0.0,0.0,0.0,0.0,0.0,0.0,689,20.26,1285,37.79,269,7.91,732,21.53,519,15.26,678,19.94,958,28.18,2017,59.32,38.24,58.39,16.93,24.68,2504.32,73.66,107.97,Almansa Con Afanion
https://www.proballers.com/es/baloncesto/equipo/13354/almansa-con-afanion,2022,13,34,2568.0,75.53,2655.0,78.09,516.0,15.18,182.0,5.35,373.0,10.97,51.0,1.5,299.0,8.79,808.0,23.76,1107.0,32.56,0.0,0.0,0.0,0.0,0.0,0.0,603,17.74,1239,36.44,293,8.62,877,25.79,483,14.21,659,19.38,896,26.35,2116,62.24,38.24,53.37,18.57,27.01,2479.96,72.94,103.55,Almansa Con Afanion
https://www.proballers.com/es/baloncesto/equipo/13356/basquet-girona,2020,12,26,2031.0,78.12,2078.0,79.92,371.0,14.27,185.0,7.12,313.0,12.04,32.0,1.23,187.0,7.19,582.0,22.38,769.0,29.58,0.0,0.0,0.0,0.0,0.0,0.0,511,19.65,949,36.5,246,9.46,693,26.65,271,10.42,383,14.73,757,29.12,1642,63.15,46.15,56.09,17.47,24.32,1936.52,74.48,104.88,Basquet Girona
https://www.proballers.com/es/baloncesto/equipo/13356/basquet-girona,2021,21,34,2675.0,78.68,2792.0,82.12,462.0,13.59,218.0,6.41,398.0,11.71,50.0,1.47,278.0,8.18,872.0,25.65,1150.0,33.82,0.0,0.0,0.0,0.0,0.0,0.0,698,20.53,1314,38.65,278,8.18,859,25.26,445,13.09,613,18.03,976,28.71,2173,63.91,61.76,54.75,16.26,24.17,2562.72,75.37,104.38,Basquet Girona
https://www.proballers.com/es/baloncesto/equipo/13446/grupo-alega-cantabria,2022,15,34,2525.0,74.26,2613.0,76.85,477.0,14.03,267.0,7.85,418.0,12.29,66.0,1.94,313.0,9.21,741.0,21.79,1054.0,31.0,0.0,0.0,0.0,0.0,0.0,0.0,636,18.71,1254,36.88,274,8.06,850,25.0,431,12.68,595,17.5,910,26.76,2104,61.88,44.12,53.36,17.13,29.7,2470.8,72.67,102.19,Cantabria
https://www.proballers.com/es/baloncesto/equipo/13446/grupo-alega-cantabria,2023,11,34,2644.0,77.76,2661.0,78.26,516.0,15.18,246.0,7.24,414.0,12.18,42.0,1.24,275.0,8.09,708.0,20.82,983.0,28.91,0.0,0.0,0.0,0.0,0.0,0.0,661,19.44,1327,39.03,282,8.29,825,24.26,476,14.0,623,18.32,943,27.74,2152,63.29,32.35,54.49,18.17,27.98,2565.12,75.44,103.08,Cantabria
https://www.proballers.com/es/baloncesto/equipo/13446/grupo-alega-cantabria,2024,14,34,2606.0,76.65,2630.0,77.35,494.0,14.53,191.0,5.62,413.0,12.15,63.0,1.85,292.0,8.59,738.0,21.71,1030.0,30.29,0.0,0.0,0.0,0.0,0.0,0.0,631,18.56,1242,36.53,307,9.03,911,26.79,423,12.44,549,16.15,938,27.59,2153,63.32,41.18,54.41,17.6,28.35,2515.56,73.99,103.6,Cantabria
https://www.proballers.com/es/baloncesto/equipo/13446/grupo-alega-cantabria,2025,3,9,708.0,78.67,674.0,74.89,130.0,14.44,53.0,5.89,137.0,15.22,18.0,2.0,74.0,8.22,191.0,21.22,265.0,29.44,0.0,0.0,0.0,0.0,0.0,0.0,130,14.44,289,32.11,95,10.56,243,27.0,163,18.11,219,24.33,225,25.0,532,59.11,33.33,56.34,16.99,27.92,691.36,76.82,102.41,Cantabria
https://www.proballers.com/es/baloncesto/equipo/13448/ubu-tizona-burgos,2020,9,26,2056.0,79.08,2053.0,78.96,359.0,13.81,194.0,7.46,331.0,12.73,24.0,0.92,207.0,7.96,537.0,20.65,744.0,28.62,0.0,0.0,0.0,0.0,0.0,0.0,491,18.88,912,35.08,239,9.19,695,26.73,357,13.73,473,18.19,730,28.08,1607,61.81,34.62,56.64,16.73,27.82,1939.12,74.58,106.03,UBU Tizona Burgos
https://www.proballers.com/es/baloncesto/equipo/13448/ubu-tizona-burgos,2023,25,34,3047.0,89.62,3289.0,96.74,564.0,16.59,279.0,8.21,418.0,12.29,45.0,1.32,359.0,10.56,759.0,22.32,1118.0,32.88,0.0,0.0,0.0,0.0,0.0,0.0,694,20.41,1321,38.85,348,10.24,919,27.03,615,18.09,763,22.44,1042,30.65,2240,65.88,73.53,59.15,18.84,32.11,2634.72,77.49,115.65,UBU Tizona Burgos
https://www.proballers.com/es/baloncesto/equipo/13448/ubu-tizona-burgos,2024,15,34,2987.0,87.85,3015.0,88.68,559.0,16.44,224.0,6.59,475.0,13.97,38.0,1.12,357.0,10.5,776.0,22.82,1133.0,33.32,0.0,0.0,0.0,0.0,0.0,0.0,698,20.53,1325,38.97,363,10.68,1030,30.29,502,14.76,659,19.38,1061,31.21,2355,69.26,44.12,56.47,17.92,31.51,2762.96,81.26,108.11,UBU Tizona Burgos
https://www.proballers.com/es/baloncesto/equipo/13448/ubu-tizona-burgos,2025,3,10,855.0,85.5,848.0,84.8,140.0,14.0,74.0,7.4,134.0,13.4,12.0,1.2,118.0,11.8,210.0,21.0,328.0,32.8,0.0,0.0,0.0,0.0,0.0,0.0,200,20.0,376,37.6,93,9.3,288,28.8,176,17.6,232,23.2,293,29.3,664,66.4,30.0,55.8,15.55,35.98,782.08,78.21,109.32,UBU Tizona Burgos
https://www.proballers.com/es/baloncesto/equipo/14472/cartagena,2024,16,34,2627.0,77.26,2560.0,75.29,488.0,14.35,271.0,7.97,451.0,13.26,67.0,1.97,334.0,9.82,747.0,21.97,1081.0,31.79,0.0,0.0,0.0,0.0,0.0,0.0,624,18.35,1238,36.41,323,9.5,1016,29.88,410,12.06,626,18.41,947,27.85,2254,66.29,47.06,51.93,16.37,30.9,2646.44,77.84,99.27,Cartagena
https://www.proballers.com/es/baloncesto/equipo/14472/cartagena,2025,2,9,629.0,69.89,572.0,63.56,107.0,11.89,41.0,4.56,153.0,17.0,20.0,2.22,72.0,8.0,213.0,23.67,285.0,31.67,0.0,0.0,0.0,0.0,0.0,0.0,157,17.44,307,34.11,59,6.56,210,23.33,138,15.33,194,21.56,216,24.0,517,57.44,22.22,52.21,14.17,25.26,683.36,75.93,92.05,Cartagena
https://www.proballers.com/es/baloncesto/equipo/146/real-valladolid,2017,15,34,2628.0,77.29,2733.0,80.38,435.0,12.79,215.0,6.32,393.0,11.56,92.0,2.71,306.0,9.0,773.0,22.74,1079.0,31.74,0.0,0.0,0.0,0.0,0.0,0.0,698,20.53,1416,41.65,253,7.44,680,20.0,473,13.91,651,19.15,951,27.97,2096,61.65,44.12,55.15,15.67,28.36,2469.44,72.63,106.42,Clínica Sur-Aspasia RVB
https://www.proballers.com/es/baloncesto/equipo/146/real-valladolid,2018,20,34,2658.0,78.18,2795.0,82.21,452.0,13.29,220.0,6.47,374.0,11.0,61.0,1.79,359.0,10.56,832.0,24.47,1191.0,35.03,0.0,0.0,0.0,0.0,0.0,0.0,726,21.35,1493,43.91,250,7.35,734,21.59,456,13.41,618,18.18,976,28.71,2227,65.5,58.82,53.18,15.73,30.14,2513.92,73.94,105.73,Clínica Sur-Aspasia RVB
https://www.proballers.com/es/baloncesto/equipo/146/real-valladolid,2019,18,24,1917.0,79.88,1997.0,83.21,302.0,12.58,173.0,7.21,227.0,9.46,43.0,1.79,269.0,11.21,577.0,24.04,846.0,35.25,0.0,0.0,0.0,0.0,0.0,0.0,454,18.92,949,39.54,209,8.71,634,26.42,382,15.92,519,21.62,663,27.62,1583,65.96,75.0,52.92,14.82,31.8,1769.36,73.72,108.34,Clínica Sur-Aspasia RVB
https://www.proballers.com/es/baloncesto/equipo/146/real-valladolid,2020,13,26,2152.0,82.77,2171.0,83.5,319.0,12.27,147.0,5.65,290.0,11.15,32.0,1.23,207.0,7.96,590.0,22.69,797.0,30.65,0.0,0.0,0.0,0.0,0.0,0.0,570,21.92,1026,39.46,218,8.38,589,22.65,358,13.77,517,19.88,788,30.31,1615,62.12,50.0,58.4,14.96,25.97,1925.48,74.06,111.76,Clínica Sur-Aspasia RVB
https://www.proballers.com/es/baloncesto/equipo/146/real-valladolid,2021,18,34,2600.0,76.47,2627.0,77.26,398.0,11.71,211.0,6.21,370.0,10.88,28.0,0.82,280.0,8.24,763.0,22.44,1043.0,30.68,0.0,0.0,0.0,0.0,0.0,0.0,763,22.44,1456,42.82,237,6.97,688,20.24,363,10.68,502,14.76,1000,29.41,2144,63.06,52.94,54.97,14.55,26.85,2454.88,72.2,105.91,Clínica Sur-Aspasia RVB
https://www.proballers.com/es/baloncesto/equipo/146/real-valladolid,2022,22,34,2617.0,76.97,2655.0,78.09,406.0,11.94,205.0,6.03,367.0,10.79,62.0,1.82,306.0,9.0,814.0,23.94,1120.0,32.94,0.0,0.0,0.0,0.0,0.0,0.0,622,18.29,1225,36.03,288,8.47,865,25.44,509,14.97,717,21.09,910,26.76,2090,61.47,64.71,54.4,14.64,27.32,2466.48,72.54,106.1,Clínica Sur-Aspasia RVB
https://www.proballers.com/es/baloncesto/equipo/146/real-valladolid,2023,18,34,2636.0,77.53,2619.0,77.03,444.0,13.06,187.0,5.5,445.0,13.09,77.0,2.26,347.0,10.21,750.0,22.06,1097.0,32.26,0.0,0.0,0.0,0.0,0.0,0.0,659,19.38,1266,37.24,263,7.74,785,23.09,529,15.56,777,22.85,922,27.12,2051,60.32,52.94,55.08,15.65,31.63,2490.88,73.26,105.83,Clínica Sur-Aspasia RVB
https://www.proballers.com/es/baloncesto/equipo/146/real-valladolid,2024,11,34,2658.0,78.18,2603.0,76.56,455.0,13.38,232.0,6.82,401.0,11.79,46.0,1.35,290.0,8.53,735.0,21.62,1025.0,30.15,0.0,0.0,0.0,0.0,0.0,0.0,625,18.38,1193,35.09,306,9.0,965,28.38,490,14.41,675,19.85,931,27.38,2158,63.47,32.35,54.13,15.93,28.29,2566.0,75.47,103.59,Clínica Sur-Aspasia RVB
https://www.proballers.com/es/baloncesto/equipo/147/movistar-estudiantes,2021,25,34,2691.0,79.15,3001.0,88.26,569.0,16.74,251.0,7.38,397.0,11.68,50.0,1.47,295.0,8.68,791.0,23.26,1086.0,31.94,0.0,0.0,0.0,0.0,0.0,0.0,756,22.24,1370,40.29,257,7.56,741,21.79,408,12.0,559,16.44,1013,29.79,2111,62.09,73.53,57.09,20.66,27.16,2458.96,72.32,109.44,Movistar Estudiantes
https://www.proballers.com/es/baloncesto/equipo/147/movistar-estudiantes,2022,22,34,2690.0,79.12,2953.0,86.85,521.0,15.32,206.0,6.06,307.0,9.03,88.0,2.59,313.0,9.21,805.0,23.68,1118.0,32.88,0.0,0.0,0.0,0.0,0.0,0.0,638,18.76,1270,37.35,325,9.56,927,27.26,439,12.91,568,16.71,963,28.32,2197,64.62,64.71,54.97,18.92,28.0,2440.92,71.79,110.2,Movistar Estudiantes
https://www.proballers.com/es/baloncesto/equipo/147/movistar-estudiantes,2023,25,34,2856.0,84.0,3098.0,91.12,555.0,16.32,217.0,6.38,365.0,10.74,52.0,1.53,298.0,8.76,769.0,22.62,1067.0,31.38,0.0,0.0,0.0,0.0,0.0,0.0,632,18.59,1215,35.74,327,9.62,846,24.88,611,17.97,793,23.32,959,28.21,2061,60.62,73.53,59.26,20.0,27.93,2476.92,72.85,115.3,Movistar Estudiantes
https://www.proballers.com/es/baloncesto/equipo/147/movistar-estudiantes,2024,26,34,2970.0,87.35,3252.0,95.65,556.0,16.35,248.0,7.29,393.0,11.56,65.0,1.91,297.0,8.74,763.0,22.44,1060.0,31.18,0.0,0.0,0.0,0.0,0.0,0.0,690,20.29,1241,36.5,360,10.59,922,27.12,510,15.0,651,19.15,1050,30.88,2163,63.62,76.47,60.63,19.56,28.02,2545.44,74.87,116.68,Movistar Estudiantes
https://www.proballers.com/es/baloncesto/equipo/147/movistar-estudiantes,2025,7,10,843.0,84.3,880.0,88.0,145.0,14.5,67.0,6.7,120.0,12.0,33.0,3.3,90.0,9.0,237.0,23.7,327.0,32.7,0.0,0.0,0.0,0.0,0.0,0.0,179,17.9,346,34.6,106,10.6,295,29.5,167,16.7,226,22.6,285,28.5,641,64.1,70.0,56.93,16.85,27.52,770.44,77.04,109.42,Movistar Estudiantes
https://www.proballers.com/es/baloncesto/equipo/149/rio-breogan,2015,17,30,2315.0,77.17,2437.0,81.23,414.0,13.8,282.0,9.4,395.0,13.17,76.0,2.53,286.0,9.53,657.0,21.9,943.0,31.43,0.0,0.0,0.0,0.0,0.0,0.0,605,20.17,1186,39.53,243,8.1,704,23.47,376,12.53,532,17.73,848,28.27,1890,63.0,56.67,54.49,16.43,30.33,2233.08,74.44,103.67,Cafés Candelas Breogán
https://www.proballers.com/es/baloncesto/equipo/149/rio-breogan,2016,24,34,3030.0,89.12,3365.0,98.97,527.0,15.5,281.0,8.26,382.0,11.24,62.0,1.82,363.0,10.68,817.0,24.03,1180.0,34.71,0.0,0.0,0.0,0.0,0.0,0.0,823,24.21,1483,43.62,306,9.0,823,24.21,466,13.71,622,18.29,1129,33.21,2306,67.82,70.59,58.73,17.79,30.76,2598.68,76.43,116.6,Cafés Candelas Breogán
https://www.proballers.com/es/baloncesto/equipo/149/rio-breogan,2017,28,34,2958.0,87.0,3415.0,100.44,581.0,17.09,305.0,8.97,392.0,11.53,73.0,2.15,322.0,9.47,832.0,24.47,1154.0,33.94,0.0,0.0,0.0,0.0,0.0,0.0,814,23.94,1498,44.06,280,8.24,733,21.56,490,14.41,617,18.15,1094,32.18,2231,65.62,82.35,59.1,20.07,27.9,2572.48,75.66,114.99,Cafés Candelas Breogán
https://www.proballers.com/es/baloncesto/equipo/149/rio-breogan,2019,15,24,1950.0,81.25,2211.0,92.12,417.0,17.38,192.0,8.0,285.0,11.88,67.0,2.79,239.0,9.96,569.0,23.71,808.0,33.67,0.0,0.0,0.0,0.0,0.0,0.0,466,19.42,899,37.46,255,10.62,657,27.38,253,10.54,356,14.83,721,30.04,1556,64.83,62.5,56.93,20.87,29.58,1758.64,73.28,110.88,Cafés Candelas Breogán
https://www.proballers.com/es/baloncesto/equipo/149/rio-breogan,2020,19,26,2058.0,79.15,2149.0,82.65,304.0,11.69,160.0,6.15,306.0,11.77,13.0,0.5,206.0,7.92,621.0,23.88,827.0,31.81,0.0,0.0,0.0,0.0,0.0,0.0,572,22.0,991,38.12,179,6.88,536,20.62,377,14.5,508,19.54,751,28.88,1527,58.73,73.08,58.78,14.78,24.91,1850.52,71.17,111.21,Cafés Candelas Breogán
https://www.proballers.com/es/baloncesto/equipo/151/hla-alicante,2019,16,24,1931.0,80.46,2146.0,89.42,367.0,15.29,189.0,7.88,317.0,13.21,105.0,4.38,212.0,8.83,584.0,24.33,796.0,33.17,0.0,0.0,0.0,0.0,0.0,0.0,515,21.46,929,38.71,184,7.67,586,24.42,349,14.54,458,19.08,699,29.12,1515,63.12,66.67,56.25,18.05,26.63,1821.52,75.9,106.01,HLA Alicante
https://www.proballers.com/es/baloncesto/equipo/151/hla-alicante,2020,16,28,2220.0,79.29,2336.0,83.43,422.0,15.07,196.0,7.0,320.0,11.43,27.0,0.96,226.0,8.07,625.0,22.32,851.0,30.39,0.0,0.0,0.0,0.0,0.0,0.0,548,19.57,999,35.68,235,8.39,707,25.25,419,14.96,556,19.86,783,27.96,1706,60.93,57.14,56.9,18.59,26.56,2044.64,73.02,108.58,HLA Alicante
https://www.proballers.com/es/baloncesto/equipo/151/hla-alicante,2021,16,34,2672.0,78.59,2873.0,84.5,526.0,15.47,207.0,6.09,434.0,12.76,65.0,1.91,289.0,8.5,873.0,25.68,1162.0,34.18,0.0,0.0,0.0,0.0,0.0,0.0,702,20.65,1352,39.76,267,7.85,792,23.29,467,13.74,617,18.15,969,28.5,2144,63.06,47.06,55.31,18.46,24.87,2560.48,75.31,104.36,HLA Alicante
https://www.proballers.com/es/baloncesto/equipo/151/hla-alicante,2022,18,34,2579.0,75.85,2706.0,79.59,499.0,14.68,246.0,7.24,435.0,12.79,85.0,2.5,359.0,10.56,815.0,23.97,1174.0,34.53,0.0,0.0,0.0,0.0,0.0,0.0,622,18.29,1269,37.32,296,8.71,916,26.94,447,13.15,622,18.29,918,27.0,2185,64.26,52.94,52.45,17.24,30.58,2534.68,74.55,101.75,HLA Alicante
https://www.proballers.com/es/baloncesto/equipo/151/hla-alicante,2023,19,34,2699.0,79.38,2792.0,82.12,502.0,14.76,277.0,8.15,421.0,12.38,63.0,1.85,333.0,9.79,701.0,20.62,1034.0,30.41,0.0,0.0,0.0,0.0,0.0,0.0,607,17.85,1234,36.29,311,9.15,871,25.62,552,16.24,727,21.38,918,27.0,2105,61.91,55.88,55.65,17.64,32.2,2512.88,73.91,107.41,HLA Alicante
https://www.proballers.com/es/baloncesto/equipo/151/hla-alicante,2024,13,34,2685.0,78.97,2793.0,82.15,518.0,15.24,217.0,6.38,351.0,10.32,48.0,1.41,302.0,8.88,786.0,23.12,1088.0,32.0,0.0,0.0,0.0,0.0,0.0,0.0,610,17.94,1210,35.59,308,9.06,933,27.44,541,15.91,728,21.41,918,27.0,2143,63.03,38.24,54.5,18.41,27.76,2512.32,73.89,106.87,HLA Alicante
https://www.proballers.com/es/baloncesto/equipo/151/hla-alicante,2025,7,9,793.0,88.11,887.0,98.56,159.0,17.67,62.0,6.89,99.0,11.0,14.0,1.56,83.0,9.22,211.0,23.44,294.0,32.67,0.0,0.0,0.0,0.0,0.0,0.0,179,19.89,345,38.33,86,9.56,216,24.0,177,19.67,217,24.11,265,29.44,561,62.33,77.78,60.4,21.05,28.23,672.48,74.72,117.92,HLA Alicante
https://www.proballers.com/es/baloncesto/equipo/152/caceres,2015,14,30,2164.0,72.13,2259.0,75.3,425.0,14.17,202.0,6.73,413.0,13.77,52.0,1.73,293.0,9.77,707.0,23.57,1000.0,33.33,0.0,0.0,0.0,0.0,0.0,0.0,526,17.53,1103,36.77,248,8.27,718,23.93,368,12.27,492,16.4,774,25.8,1821,60.7,46.67,53.1,17.34,29.3,2157.48,71.92,100.3,Caceres
https://www.proballers.com/es/baloncesto/equipo/152/caceres,2016,14,34,2568.0,75.53,2546.0,74.88,412.0,12.12,209.0,6.15,447.0,13.15,60.0,1.76,309.0,9.09,717.0,21.09,1026.0,30.18,0.0,0.0,0.0,0.0,0.0,0.0,592,17.41,1212,35.65,311,9.15,820,24.12,451,13.26,604,17.76,903,26.56,2032,59.76,41.18,55.88,15.01,30.12,2435.76,71.64,105.43,Caceres
https://www.proballers.com/es/baloncesto/equipo/152/caceres,2017,15,34,2575.0,75.74,2726.0,80.18,512.0,15.06,262.0,7.71,465.0,13.68,59.0,1.74,268.0,7.88,757.0,22.26,1025.0,30.15,0.0,0.0,0.0,0.0,0.0,0.0,594,17.47,1189,34.97,318,9.35,838,24.65,433,12.74,560,16.47,912,26.82,2027,59.62,44.12,56.63,18.7,26.15,2470.4,72.66,104.23,Caceres
https://www.proballers.com/es/baloncesto/equipo/152/caceres,2018,11,34,2388.0,70.24,2395.0,70.44,419.0,12.32,258.0,7.59,438.0,12.88,52.0,1.53,269.0,7.91,733.0,21.56,1002.0,29.47,0.0,0.0,0.0,0.0,0.0,0.0,592,17.41,1242,36.53,287,8.44,831,24.44,343,10.09,435,12.79,879,25.85,2073,60.97,32.35,52.73,15.5,26.85,2433.4,71.57,98.13,Caceres
https://www.proballers.com/es/baloncesto/equipo/152/caceres,2019,14,24,1837.0,76.54,1833.0,76.38,283.0,11.79,179.0,7.46,288.0,12.0,24.0,1.0,237.0,9.88,560.0,23.33,797.0,33.21,0.0,0.0,0.0,0.0,0.0,0.0,422,17.58,858,35.75,206,8.58,612,25.5,375,15.62,532,22.17,628,26.17,1470,61.25,58.33,53.9,14.21,29.74,1755.08,73.13,104.67,Caceres
https://www.proballers.com/es/baloncesto/equipo/152/caceres,2020,11,26,1909.0,73.42,1865.0,71.73,302.0,11.62,145.0,5.58,321.0,12.35,27.0,1.04,212.0,8.15,596.0,22.92,808.0,31.08,0.0,0.0,0.0,0.0,0.0,0.0,500,19.23,963,37.04,188,7.23,613,23.58,345,13.27,462,17.77,688,26.46,1576,60.62,42.31,53.65,14.38,26.24,1888.28,72.63,101.1,Caceres
https://www.proballers.com/es/baloncesto/equipo/152/caceres,2021,19,34,2607.0,76.68,2541.0,74.74,384.0,11.29,229.0,6.74,421.0,12.38,62.0,1.82,295.0,8.68,783.0,23.03,1078.0,31.71,0.0,0.0,0.0,0.0,0.0,0.0,661,19.44,1352,39.76,259,7.62,758,22.29,508,14.94,716,21.06,920,27.06,2110,62.06,55.88,53.75,13.49,27.37,2551.04,75.03,102.19,Caceres
https://www.proballers.com/es/baloncesto/equipo/152/caceres,2022,10,34,2588.0,76.12,2473.0,72.74,403.0,11.85,208.0,6.12,409.0,12.03,30.0,0.88,315.0,9.26,723.0,21.26,1038.0,30.53,0.0,0.0,0.0,0.0,0.0,0.0,639,18.79,1273,37.44,261,7.68,825,24.26,527,15.5,714,21.0,900,26.47,2098,61.71,29.41,53.64,14.28,30.35,2506.16,73.71,103.27,Caceres
https://www.proballers.com/es/baloncesto/equipo/152/caceres,2023,6,34,2515.0,73.97,2372.0,69.76,427.0,12.56,185.0,5.44,436.0,12.82,34.0,1.0,320.0,9.41,754.0,22.18,1074.0,31.59,0.0,0.0,0.0,0.0,0.0,0.0,677,19.91,1382,40.65,245,7.21,758,22.29,426,12.53,635,18.68,922,27.12,2140,62.94,17.65,51.98,14.95,29.8,2535.4,74.57,99.2,Caceres
https://www.proballers.com/es/baloncesto/equipo/15213/palma-basquet-mallorca,2025,1,9,642.0,71.33,590.0,65.56,115.0,12.78,60.0,6.67,108.0,12.0,28.0,3.11,85.0,9.44,173.0,19.22,258.0,28.67,0.0,0.0,0.0,0.0,0.0,0.0,135,15.0,292,32.44,79,8.78,267,29.67,135,15.0,195,21.67,214,23.78,559,62.11,11.11,49.78,15.28,32.95,667.8,74.2,96.14,Palma Basquet Mallorca
https://www.proballers.com/es/baloncesto/equipo/1562/super-agropal-palencia,2015,23,30,2407.0,80.23,2614.0,87.13,392.0,13.07,257.0,8.57,371.0,12.37,74.0,2.47,300.0,10.0,742.0,24.73,1042.0,34.73,0.0,0.0,0.0,0.0,0.0,0.0,701,23.37,1365,45.5,187,6.23,552,18.4,444,14.8,602,20.07,888,29.6,1917,63.9,76.67,55.16,15.36,28.79,2252.88,75.1,106.84,Palencia
https://www.proballers.com/es/baloncesto/equipo/1562/super-agropal-palencia,2016,22,34,2779.0,81.74,3004.0,88.35,441.0,12.97,241.0,7.09,394.0,11.59,103.0,3.03,316.0,9.29,804.0,23.65,1120.0,32.94,0.0,0.0,0.0,0.0,0.0,0.0,750,22.06,1452,42.71,260,7.65,711,20.91,499,14.68,632,18.59,1010,29.71,2163,63.62,64.71,56.92,15.56,28.21,2519.08,74.09,110.32,Palencia
https://www.proballers.com/es/baloncesto/equipo/1562/super-agropal-palencia,2017,17,34,2547.0,74.91,2711.0,79.74,459.0,13.5,236.0,6.94,327.0,9.62,58.0,1.71,324.0,9.53,775.0,22.79,1099.0,32.32,0.0,0.0,0.0,0.0,0.0,0.0,690,20.29,1437,42.26,248,7.29,713,20.97,423,12.44,572,16.82,938,27.59,2150,63.24,50.0,53.03,16.82,29.48,2404.68,70.73,105.92,Palencia
https://www.proballers.com/es/baloncesto/equipo/1562/super-agropal-palencia,2018,19,34,2683.0,78.91,2915.0,85.74,539.0,15.85,263.0,7.74,435.0,12.79,74.0,2.18,317.0,9.32,835.0,24.56,1152.0,33.88,0.0,0.0,0.0,0.0,0.0,0.0,770,22.65,1519,44.68,231,6.79,667,19.62,450,13.24,626,18.41,1001,29.44,2186,64.29,55.88,54.5,18.61,27.52,2579.44,75.87,104.01,Palencia
https://www.proballers.com/es/baloncesto/equipo/1562/super-agropal-palencia,2019,15,24,1980.0,82.5,2214.0,92.25,397.0,16.54,129.0,5.38,263.0,10.96,48.0,2.0,224.0,9.33,572.0,23.83,796.0,33.17,0.0,0.0,0.0,0.0,0.0,0.0,509,21.21,953,39.71,205,8.54,545,22.71,347,14.46,436,18.17,714,29.75,1498,62.42,62.5,58.59,20.33,28.14,1728.84,72.04,114.53,Palencia
https://www.proballers.com/es/baloncesto/equipo/1562/super-agropal-palencia,2020,10,26,1889.0,72.65,1906.0,73.31,328.0,12.62,137.0,5.27,292.0,11.23,65.0,2.5,158.0,6.08,548.0,21.08,706.0,27.15,0.0,0.0,0.0,0.0,0.0,0.0,477,18.35,918,35.31,210,8.08,592,22.77,305,11.73,409,15.73,687,26.42,1510,58.08,38.46,55.89,16.55,22.38,1823.96,70.15,103.57,Palencia
https://www.proballers.com/es/baloncesto/equipo/1562/super-agropal-palencia,2021,20,34,2642.0,77.71,2675.0,78.68,403.0,11.85,200.0,5.88,427.0,12.56,80.0,2.35,289.0,8.5,787.0,23.15,1076.0,31.65,0.0,0.0,0.0,0.0,0.0,0.0,684,20.12,1295,38.09,270,7.94,785,23.09,464,13.65,637,18.74,954,28.06,2080,61.18,58.82,55.97,14.46,26.86,2498.28,73.48,105.75,Palencia
https://www.proballers.com/es/baloncesto/equipo/1562/super-agropal-palencia,2022,27,34,2817.0,82.85,3057.0,89.91,519.0,15.26,261.0,7.68,370.0,10.88,73.0,2.15,341.0,10.03,768.0,22.59,1109.0,32.62,0.0,0.0,0.0,0.0,0.0,0.0,703,20.68,1328,39.06,308,9.06,871,25.62,487,14.32,651,19.15,1011,29.74,2199,64.68,79.41,56.67,18.18,30.75,2514.44,73.95,112.03,Palencia
https://www.proballers.com/es/baloncesto/equipo/1562/super-agropal-palencia,2024,21,34,2959.0,87.03,3192.0,93.88,558.0,16.41,223.0,6.56,376.0,11.06,55.0,1.62,307.0,9.03,790.0,23.24,1097.0,32.26,0.0,0.0,0.0,0.0,0.0,0.0,811,23.85,1448,42.59,282,8.29,809,23.79,491,14.44,651,19.15,1093,32.15,2257,66.38,61.76,58.17,19.11,27.99,2612.44,76.84,113.27,Palencia
https://www.proballers.com/es/baloncesto/equipo/1562/super-agropal-palencia,2025,7,10,846.0,84.6,904.0,90.4,147.0,14.7,76.0,7.6,80.0,8.0,13.0,1.3,110.0,11.0,236.0,23.6,346.0,34.6,0.0,0.0,0.0,0.0,0.0,0.0,209,20.9,395,39.5,94,9.4,289,28.9,146,14.6,209,20.9,303,30.3,684,68.4,70.0,54.51,17.17,31.79,745.96,74.6,113.41,Palencia
https://www.proballers.com/es/baloncesto/equipo/1564/levitec-huesca,2015,16,30,2252.0,75.07,2381.0,79.37,425.0,14.17,271.0,9.03,464.0,15.47,69.0,2.3,331.0,11.03,665.0,22.17,996.0,33.2,0.0,0.0,0.0,0.0,0.0,0.0,642,21.4,1226,40.87,211,7.03,663,22.1,335,11.17,467,15.57,853,28.43,1889,62.97,53.33,53.76,16.61,33.23,2227.48,74.25,101.1,Huesca
https://www.proballers.com/es/baloncesto/equipo/1564/levitec-huesca,2016,11,34,2453.0,72.15,2471.0,72.68,474.0,13.94,247.0,7.26,472.0,13.88,79.0,2.32,337.0,9.91,708.0,20.82,1045.0,30.74,0.0,0.0,0.0,0.0,0.0,0.0,651,19.15,1323,38.91,256,7.53,789,23.21,383,11.26,533,15.68,907,26.68,2112,62.12,32.35,52.27,16.82,32.25,2481.52,72.99,98.85,Huesca
https://www.proballers.com/es/baloncesto/equipo/1564/levitec-huesca,2017,14,34,2406.0,70.76,2474.0,72.76,422.0,12.41,298.0,8.76,392.0,11.53,90.0,2.65,301.0,8.85,697.0,20.5,998.0,29.35,0.0,0.0,0.0,0.0,0.0,0.0,635,18.68,1323,38.91,249,7.32,754,22.18,389,11.44,544,16.0,884,26.0,2077,61.09,41.18,51.93,15.58,30.16,2407.36,70.8,99.94,Huesca
https://www.proballers.com/es/baloncesto/equipo/1564/levitec-huesca,2018,18,34,2596.0,76.35,2856.0,84.0,552.0,16.24,237.0,6.97,473.0,13.91,116.0,3.41,251.0,7.38,885.0,26.03,1136.0,33.41,0.0,0.0,0.0,0.0,0.0,0.0,682,20.06,1373,40.38,281,8.26,765,22.5,389,11.44,522,15.35,963,28.32,2138,62.88,52.94,54.82,19.43,22.1,2589.68,76.17,100.24,Huesca
https://www.proballers.com/es/baloncesto/equipo/1564/levitec-huesca,2019,9,24,1758.0,73.25,1803.0,75.12,330.0,13.75,157.0,6.54,305.0,12.71,44.0,1.83,200.0,8.33,595.0,24.79,795.0,33.12,0.0,0.0,0.0,0.0,0.0,0.0,452,18.83,966,40.25,186,7.75,541,22.54,296,12.33,403,16.79,638,26.58,1507,62.79,37.5,52.19,16.59,25.16,1789.32,74.55,98.25,Huesca
https://www.proballers.com/es/baloncesto/equipo/1564/levitec-huesca,2020,10,26,1940.0,74.62,1924.0,74.0,343.0,13.19,157.0,6.04,328.0,12.62,19.0,0.73,193.0,7.42,560.0,21.54,753.0,28.96,0.0,0.0,0.0,0.0,0.0,0.0,431,16.58,816,31.38,265,10.19,740,28.46,283,10.88,383,14.73,696,26.77,1556,59.85,38.46,56.25,16.71,25.63,1859.52,71.52,104.33,Huesca
https://www.proballers.com/es/baloncesto/equipo/1564/levitec-huesca,2021,5,34,2382.0,70.06,2291.0,67.38,448.0,13.18,198.0,5.82,469.0,13.79,54.0,1.59,244.0,7.18,768.0,22.59,1012.0,29.76,0.0,0.0,0.0,0.0,0.0,0.0,606,17.82,1211,35.62,250,7.35,800,23.53,420,12.35,599,17.62,856,25.18,2011,59.15,14.71,52.36,16.33,24.11,2499.56,73.52,95.3,Huesca
https://www.proballers.com/es/baloncesto/equipo/158/real-betis,2018,30,34,2795.0,82.21,3170.0,93.24,495.0,14.56,280.0,8.24,398.0,11.71,93.0,2.74,313.0,9.21,819.0,24.09,1132.0,33.29,0.0,0.0,0.0,0.0,0.0,0.0,682,20.06,1276,37.53,334,9.82,847,24.91,429,12.62,549,16.15,1016,29.88,2123,62.44,88.24,59.1,17.92,27.65,2449.56,72.05,114.1,Real Betis
https://www.proballers.com/es/baloncesto/equipo/158/real-betis,2023,17,34,2755.0,81.03,2864.0,84.24,496.0,14.59,245.0,7.21,411.0,12.09,44.0,1.29,274.0,8.06,738.0,21.71,1012.0,29.76,0.0,0.0,0.0,0.0,0.0,0.0,620,18.24,1154,33.94,335,9.85,901,26.5,510,15.0,687,20.21,955,28.09,2055,60.44,50.0,58.44,17.92,27.08,2494.28,73.36,110.45,Real Betis
https://www.proballers.com/es/baloncesto/equipo/158/real-betis,2024,26,34,2838.0,83.47,3159.0,92.91,572.0,16.82,252.0,7.41,404.0,11.88,41.0,1.21,270.0,7.94,856.0,25.18,1126.0,33.12,0.0,0.0,0.0,0.0,0.0,0.0,632,18.59,1178,34.65,341,10.03,864,25.41,551,16.21,748,22.0,973,28.62,2042,60.06,76.47,59.85,20.61,23.98,2505.12,73.68,113.29,Real Betis
https://www.proballers.com/es/baloncesto/equipo/159/fuenlabrada,2023,16,34,2644.0,77.76,2731.0,80.32,508.0,14.94,204.0,6.0,392.0,11.53,50.0,1.47,283.0,8.32,772.0,22.71,1055.0,31.03,0.0,0.0,0.0,0.0,0.0,0.0,593,17.44,1161,34.15,304,8.94,871,25.62,546,16.06,749,22.03,897,26.38,2032,59.76,47.06,55.98,18.45,26.82,2470.56,72.66,107.02,Fuenlabrada
https://www.proballers.com/es/baloncesto/equipo/159/fuenlabrada,2024,27,34,2871.0,84.44,3158.0,92.88,542.0,15.94,243.0,7.15,388.0,11.41,71.0,2.09,327.0,9.62,859.0,25.26,1186.0,34.88,0.0,0.0,0.0,0.0,0.0,0.0,716,21.06,1379,40.56,299,8.79,801,23.56,542,15.94,744,21.88,1015,29.85,2180,64.12,79.41,57.25,18.72,27.57,2568.36,75.54,111.78,Fuenlabrada
https://www.proballers.com/es/baloncesto/equipo/159/fuenlabrada,2025,4,9,725.0,80.56,736.0,81.78,144.0,16.0,69.0,7.67,112.0,12.44,9.0,1.0,52.0,5.78,205.0,22.78,257.0,28.56,0.0,0.0,0.0,0.0,0.0,0.0,165,18.33,313,34.78,85,9.44,227,25.22,140,15.56,206,22.89,250,27.78,540,60.0,44.44,57.48,19.39,20.23,690.64,76.74,104.97,Fuenlabrada
https://www.proballers.com/es/baloncesto/equipo/1986/monbus-obradoiro,2024,23,34,2787.0,81.97,3103.0,91.26,592.0,17.41,226.0,6.65,357.0,10.5,61.0,1.79,279.0,8.21,778.0,22.88,1057.0,31.09,0.0,0.0,0.0,0.0,0.0,0.0,613,18.03,1174,34.53,354,10.41,884,26.0,499,14.68,671,19.74,967,28.44,2058,60.53,67.65,59.22,21.84,26.4,2431.24,71.51,114.63,Obradoiro CAB
https://www.proballers.com/es/baloncesto/equipo/1986/monbus-obradoiro,2025,8,10,875.0,87.5,955.0,95.5,177.0,17.7,95.0,9.5,113.0,11.3,21.0,2.1,90.0,9.0,205.0,20.5,295.0,29.5,0.0,0.0,0.0,0.0,0.0,0.0,214,21.4,378,37.8,93,9.3,271,27.1,168,16.8,221,22.1,307,30.7,649,64.9,80.0,58.63,20.6,30.51,769.24,76.92,113.75,Obradoiro CAB
https://www.proballers.com/es/baloncesto/equipo/2110/c-b-prat,2015,10,30,2105.0,70.17,2029.0,67.63,348.0,11.6,260.0,8.67,425.0,14.17,79.0,2.63,281.0,9.37,648.0,21.6,929.0,30.97,0.0,0.0,0.0,0.0,0.0,0.0,553,18.43,1216,40.53,213,7.1,693,23.1,360,12.0,484,16.13,766,25.53,1909,63.63,33.33,49.6,13.66,30.25,2265.96,75.53,92.9,CB Prat
https://www.proballers.com/es/baloncesto/equipo/2110/c-b-prat,2016,13,34,2626.0,77.24,2698.0,79.35,485.0,14.26,282.0,8.29,445.0,13.09,72.0,2.12,283.0,8.32,720.0,21.18,1003.0,29.5,0.0,0.0,0.0,0.0,0.0,0.0,648,19.06,1301,38.26,308,9.06,867,25.5,406,11.94,519,15.26,956,28.12,2168,63.76,38.24,54.79,17.07,28.22,2558.36,75.25,102.64,CB Prat
https://www.proballers.com/es/baloncesto/equipo/2110/c-b-prat,2017,25,34,2504.0,73.65,2663.0,78.32,401.0,11.79,239.0,7.03,372.0,10.94,114.0,3.35,360.0,10.59,789.0,23.21,1149.0,33.79,0.0,0.0,0.0,0.0,0.0,0.0,658,19.35,1270,37.35,261,7.68,830,24.41,405,11.91,596,17.53,919,27.03,2100,61.76,73.53,53.0,14.67,31.33,2374.24,69.83,105.47,CB Prat
https://www.proballers.com/es/baloncesto/equipo/2110/c-b-prat,2018,9,34,2420.0,71.18,2357.0,69.32,443.0,13.03,258.0,7.59,448.0,13.18,82.0,2.41,319.0,9.38,680.0,20.0,999.0,29.38,0.0,0.0,0.0,0.0,0.0,0.0,623,18.32,1320,38.82,263,7.74,831,24.44,385,11.32,517,15.21,886,26.06,2151,63.26,26.47,50.87,15.67,31.93,2507.48,73.75,96.51,CB Prat
https://www.proballers.com/es/baloncesto/equipo/2110/c-b-prat,2021,12,34,2615.0,76.91,2587.0,76.09,404.0,11.88,244.0,7.18,360.0,10.59,61.0,1.79,320.0,9.41,675.0,19.85,995.0,29.26,0.0,0.0,0.0,0.0,0.0,0.0,718,21.12,1351,39.74,258,7.59,830,24.41,405,11.91,572,16.82,976,28.71,2181,64.15,35.29,53.75,14.47,32.16,2472.68,72.73,105.76,CB Prat
https://www.proballers.com/es/baloncesto/equipo/2111/morabanc-andorra,2022,30,34,2815.0,82.79,3200.0,94.12,577.0,16.97,212.0,6.24,388.0,11.41,58.0,1.71,328.0,9.65,909.0,26.74,1237.0,36.38,0.0,0.0,0.0,0.0,0.0,0.0,653,19.21,1232,36.24,337,9.91,907,26.68,498,14.65,660,19.41,990,29.12,2139,62.91,88.24,57.94,20.48,26.52,2489.4,73.22,113.08,MoraBanc Andorra
https://www.proballers.com/es/baloncesto/equipo/2113/navarra,2015,10,30,2177.0,72.57,2102.0,70.07,342.0,11.4,175.0,5.83,408.0,13.6,55.0,1.83,245.0,8.17,691.0,23.03,936.0,31.2,0.0,0.0,0.0,0.0,0.0,0.0,535,17.83,1061,35.37,246,8.2,749,24.97,369,12.3,515,17.17,781,26.03,1810,60.33,33.33,53.45,13.99,26.18,2199.6,73.32,98.97,Navarra
https://www.proballers.com/es/baloncesto/equipo/2114/leyma-coruna,2015,17,30,2424.0,80.8,2612.0,87.07,473.0,15.77,185.0,6.17,419.0,13.97,58.0,1.93,266.0,8.87,702.0,23.4,968.0,32.27,0.0,0.0,0.0,0.0,0.0,0.0,642,21.4,1193,39.77,248,8.27,637,21.23,396,13.2,533,17.77,890,29.67,1830,61.0,56.67,58.71,19.05,27.48,2217.52,73.92,109.31,Leyma Coruña
https://www.proballers.com/es/baloncesto/equipo/2114/leyma-coruna,2016,20,34,2748.0,80.82,2965.0,87.21,526.0,15.47,201.0,5.91,437.0,12.85,86.0,2.53,258.0,7.59,841.0,24.74,1099.0,32.32,0.0,0.0,0.0,0.0,0.0,0.0,687,20.21,1307,38.44,330,9.71,836,24.59,384,11.29,516,15.18,1017,29.91,2143,63.03,58.82,57.97,18.74,23.48,2549.04,74.97,107.81,Leyma Coruña
https://www.proballers.com/es/baloncesto/equipo/2114/leyma-coruna,2017,16,34,2591.0,76.21,2761.0,81.21,544.0,16.0,208.0,6.12,374.0,11.0,89.0,2.62,299.0,8.79,743.0,21.85,1042.0,30.65,0.0,0.0,0.0,0.0,0.0,0.0,618,18.18,1283,37.74,311,9.15,859,25.26,422,12.41,548,16.12,929,27.32,2142,63.0,47.06,54.36,19.73,28.69,2458.12,72.3,105.41,Leyma Coruña
https://www.proballers.com/es/baloncesto/equipo/2114/leyma-coruna,2018,14,34,2596.0,76.35,2754.0,81.0,517.0,15.21,239.0,7.03,424.0,12.47,82.0,2.41,335.0,9.85,816.0,24.0,1151.0,33.85,0.0,0.0,0.0,0.0,0.0,0.0,665,19.56,1383,40.68,312,9.18,900,26.47,330,9.71,431,12.68,977,28.74,2283,67.15,41.18,52.49,17.85,29.11,2561.64,75.34,101.34,Leyma Coruña
https://www.proballers.com/es/baloncesto/equipo/2114/leyma-coruna,2019,16,24,1782.0,74.25,1953.0,81.38,375.0,15.62,170.0,7.08,297.0,12.38,78.0,3.25,246.0,10.25,606.0,25.25,852.0,35.5,0.0,0.0,0.0,0.0,0.0,0.0,464,19.33,926,38.58,174,7.25,571,23.79,332,13.83,480,20.0,638,26.58,1497,62.38,66.67,52.16,18.7,28.87,1759.2,73.3,101.3,Leyma Coruña
https://www.proballers.com/es/baloncesto/equipo/2114/leyma-coruna,2020,18,26,1997.0,76.81,2072.0,79.69,368.0,14.15,194.0,7.46,349.0,13.42,52.0,2.0,249.0,9.58,616.0,23.69,865.0,33.27,0.0,0.0,0.0,0.0,0.0,0.0,514,19.77,972,37.38,210,8.08,628,24.15,339,13.04,518,19.92,724,27.85,1600,61.54,69.23,54.62,16.9,28.79,1927.92,74.15,103.58,Leyma Coruña
https://www.proballers.com/es/baloncesto/equipo/2114/leyma-coruna,2021,19,34,2738.0,80.53,2945.0,86.62,513.0,15.09,238.0,7.0,451.0,13.26,86.0,2.53,302.0,8.88,811.0,23.85,1113.0,32.74,0.0,0.0,0.0,0.0,0.0,0.0,685,20.15,1283,37.74,305,8.97,800,23.53,453,13.32,652,19.18,990,29.12,2083,61.26,55.88,57.77,18.19,27.13,2518.88,74.08,108.7,Leyma Coruña
https://www.proballers.com/es/baloncesto/equipo/2114/leyma-coruna,2022,23,34,2870.0,84.41,3153.0,92.74,601.0,17.68,252.0,7.41,492.0,14.47,82.0,2.41,350.0,10.29,831.0,24.44,1181.0,34.74,0.0,0.0,0.0,0.0,0.0,0.0,681,20.03,1267,37.26,311,9.15,864,25.41,575,16.91,777,22.85,992,29.18,2131,62.68,67.65,58.03,20.27,29.64,2614.88,76.91,109.76,Leyma Coruña
https://www.proballers.com/es/baloncesto/equipo/2114/leyma-coruna,2023,27,34,3042.0,89.47,3447.0,101.38,670.0,19.71,182.0,5.35,382.0,11.24,78.0,2.29,336.0,9.88,857.0,25.21,1193.0,35.09,0.0,0.0,0.0,0.0,0.0,0.0,719,21.15,1265,37.21,322,9.47,915,26.91,638,18.76,835,24.56,1041,30.62,2180,64.12,79.41,59.71,22.87,28.16,2593.4,76.28,117.3,Leyma Coruña
https://www.proballers.com/es/baloncesto/equipo/2114/leyma-coruna,2025,9,9,832.0,92.44,904.0,100.44,145.0,16.11,69.0,7.67,90.0,10.0,16.0,1.78,102.0,11.33,226.0,25.11,328.0,36.44,0.0,0.0,0.0,0.0,0.0,0.0,186,20.67,347,38.56,96,10.67,272,30.22,172,19.11,231,25.67,282,31.33,619,68.78,100.0,57.73,17.89,31.1,708.64,78.74,117.41,Leyma Coruña
https://www.proballers.com/es/baloncesto/equipo/218/coviran-granada,2018,20,34,2540.0,74.71,2766.0,81.35,459.0,13.5,205.0,6.03,406.0,11.94,56.0,1.65,363.0,10.68,862.0,25.35,1225.0,36.03,0.0,0.0,0.0,0.0,0.0,0.0,600,17.65,1233,36.26,287,8.44,820,24.12,479,14.09,626,18.41,887,26.09,2053,60.38,58.82,54.54,16.79,29.63,2371.44,69.75,107.11,Coviran Granada
https://www.proballers.com/es/baloncesto/equipo/218/coviran-granada,2019,9,24,1734.0,72.25,1885.0,78.54,342.0,14.25,170.0,7.08,260.0,10.83,43.0,1.79,273.0,11.38,578.0,24.08,851.0,35.46,0.0,0.0,0.0,0.0,0.0,0.0,408,17.0,919,38.29,196,8.17,572,23.83,330,13.75,438,18.25,604,25.17,1491,62.12,37.5,51.49,17.6,32.08,1670.72,69.61,103.79,Coviran Granada
https://www.proballers.com/es/baloncesto/equipo/218/coviran-granada,2020,20,28,2209.0,78.89,2274.0,81.21,387.0,13.82,178.0,6.36,356.0,12.71,53.0,1.89,226.0,8.07,623.0,22.25,849.0,30.32,0.0,0.0,0.0,0.0,0.0,0.0,493,17.61,937,33.46,264,9.43,725,25.89,431,15.39,572,20.43,757,27.04,1662,59.36,71.43,57.72,17.05,26.62,2043.68,72.99,108.09,Coviran Granada
https://www.proballers.com/es/baloncesto/equipo/218/coviran-granada,2021,26,34,2755.0,81.03,3027.0,89.03,486.0,14.29,257.0,7.56,408.0,12.0,73.0,2.15,331.0,9.74,753.0,22.15,1084.0,31.88,0.0,0.0,0.0,0.0,0.0,0.0,742,21.82,1322,38.88,288,8.47,808,23.76,407,11.97,527,15.5,1030,30.29,2130,62.65,76.47,58.32,17.55,30.54,2438.88,71.73,112.96,Coviran Granada
https://www.proballers.com/es/baloncesto/equipo/219/hiopos-lleida,2015,9,30,2161.0,72.03,2035.0,67.83,328.0,10.93,197.0,6.57,412.0,13.73,47.0,1.57,306.0,10.2,683.0,22.77,989.0,32.97,0.0,0.0,0.0,0.0,0.0,0.0,563,18.77,1203,40.1,216,7.2,685,22.83,387,12.9,553,18.43,779,25.97,1888,62.93,30.0,50.7,12.9,30.94,2237.32,74.58,96.59,Hiopos Lleida
https://www.proballers.com/es/baloncesto/equipo/219/hiopos-lleida,2016,18,34,2612.0,76.82,2773.0,81.56,454.0,13.35,239.0,7.03,400.0,11.76,96.0,2.82,336.0,9.88,779.0,22.91,1115.0,32.79,0.0,0.0,0.0,0.0,0.0,0.0,709,20.85,1420,41.76,262,7.71,737,21.68,408,12.0,565,16.62,971,28.56,2157,63.44,52.94,54.29,16.18,30.13,2469.6,72.64,105.77,Hiopos Lleida
https://www.proballers.com/es/baloncesto/equipo/219/hiopos-lleida,2017,12,34,2530.0,74.41,2623.0,77.15,420.0,12.35,195.0,5.74,373.0,10.97,85.0,2.5,285.0,8.38,731.0,21.5,1016.0,29.88,0.0,0.0,0.0,0.0,0.0,0.0,695,20.44,1391,40.91,241,7.09,667,19.62,417,12.26,545,16.03,936,27.53,2058,60.53,35.29,55.05,15.73,28.05,2385.8,70.17,106.04,Hiopos Lleida
https://www.proballers.com/es/baloncesto/equipo/219/hiopos-lleida,2018,16,34,2498.0,73.47,2654.0,78.06,482.0,14.18,248.0,7.29,408.0,12.0,103.0,3.03,376.0,11.06,780.0,22.94,1156.0,34.0,0.0,0.0,0.0,0.0,0.0,0.0,660,19.41,1353,39.79,275,8.09,870,25.59,353,10.38,490,14.41,935,27.5,2223,65.38,47.06,51.22,16.93,32.53,2470.6,72.66,101.11,Hiopos Lleida
https://www.proballers.com/es/baloncesto/equipo/219/hiopos-lleida,2019,9,24,1749.0,72.88,1776.0,74.0,318.0,13.25,133.0,5.54,315.0,13.12,70.0,2.92,224.0,9.33,581.0,24.21,805.0,33.54,0.0,0.0,0.0,0.0,0.0,0.0,456,19.0,957,39.88,195,8.12,572,23.83,252,10.5,358,14.92,651,27.12,1529,63.71,37.5,51.85,15.89,27.83,1777.52,74.06,98.4,Hiopos Lleida
https://www.proballers.com/es/baloncesto/equipo/219/hiopos-lleida,2020,12,26,1990.0,76.54,1975.0,75.96,320.0,12.31,161.0,6.19,316.0,12.15,24.0,0.92,225.0,8.65,577.0,22.19,802.0,30.85,0.0,0.0,0.0,0.0,0.0,0.0,482,18.54,946,36.38,201,7.73,604,23.23,423,16.27,562,21.62,683,26.27,1550,59.62,46.15,55.36,15.14,28.05,1888.28,72.63,105.39,Hiopos Lleida
https://www.proballers.com/es/baloncesto/equipo/219/hiopos-lleida,2021,22,34,2757.0,81.09,2886.0,84.88,489.0,14.38,215.0,6.32,429.0,12.62,72.0,2.12,292.0,8.59,826.0,24.29,1118.0,32.88,0.0,0.0,0.0,0.0,0.0,0.0,704,20.71,1327,39.03,296,8.71,845,24.85,461,13.56,625,18.38,1000,29.41,2172,63.88,64.71,56.33,17.0,26.12,2584.0,76.0,106.7,Hiopos Lleida
https://www.proballers.com/es/baloncesto/equipo/219/hiopos-lleida,2022,22,34,2725.0,80.15,2881.0,84.74,534.0,15.71,228.0,6.71,427.0,12.56,53.0,1.56,353.0,10.38,834.0,24.53,1187.0,34.91,0.0,0.0,0.0,0.0,0.0,0.0,581,17.09,1149,33.79,354,10.41,1010,29.71,501,14.74,696,20.47,935,27.5,2159,63.5,64.71,55.27,18.46,29.74,2539.24,74.68,107.32,Hiopos Lleida
https://www.proballers.com/es/baloncesto/equipo/219/hiopos-lleida,2023,26,34,2794.0,82.18,3102.0,91.24,624.0,18.35,260.0,7.65,382.0,11.24,77.0,2.26,322.0,9.47,801.0,23.56,1123.0,33.03,0.0,0.0,0.0,0.0,0.0,0.0,693,20.38,1269,37.32,316,9.29,946,27.82,460,13.53,648,19.06,1009,29.68,2215,65.15,76.47,55.88,21.65,28.67,2560.12,75.3,109.14,Hiopos Lleida
https://www.proballers.com/es/baloncesto/equipo/2243/alimerka-oviedo,2015,18,30,2286.0,76.2,2324.0,77.47,418.0,13.93,184.0,6.13,371.0,12.37,25.0,0.83,265.0,8.83,662.0,22.07,927.0,30.9,0.0,0.0,0.0,0.0,0.0,0.0,539,17.97,1025,34.17,281,9.37,810,27.0,365,12.17,495,16.5,820,27.33,1835,61.17,60.0,55.68,17.25,28.59,2158.8,71.96,105.89,Liberbank Oviedo
https://www.proballers.com/es/baloncesto/equipo/2243/alimerka-oviedo,2016,22,34,2741.0,80.62,2970.0,87.35,528.0,15.53,230.0,6.76,400.0,11.76,96.0,2.82,301.0,8.85,814.0,23.94,1115.0,32.79,0.0,0.0,0.0,0.0,0.0,0.0,626,18.41,1227,36.09,333,9.79,903,26.56,490,14.41,659,19.38,959,28.21,2130,62.65,64.71,56.63,18.72,27.0,2518.96,74.09,108.81,Liberbank Oviedo
https://www.proballers.com/es/baloncesto/equipo/2243/alimerka-oviedo,2017,22,34,2597.0,76.38,2765.0,81.32,479.0,14.09,222.0,6.53,385.0,11.32,90.0,2.65,295.0,8.68,787.0,23.15,1082.0,31.82,0.0,0.0,0.0,0.0,0.0,0.0,659,19.38,1244,36.59,279,8.21,795,23.38,442,13.0,661,19.44,938,27.59,2039,59.97,64.71,55.73,17.64,27.26,2419.84,71.17,107.32,Liberbank Oviedo
https://www.proballers.com/es/baloncesto/equipo/2243/alimerka-oviedo,2018,22,34,2607.0,76.68,2908.0,85.53,558.0,16.41,184.0,5.41,448.0,13.18,88.0,2.59,248.0,7.29,891.0,26.21,1139.0,33.5,0.0,0.0,0.0,0.0,0.0,0.0,600,17.65,1129,33.21,352,10.35,910,26.76,351,10.32,484,14.24,952,28.0,2039,59.97,64.71,57.88,20.67,21.77,2451.96,72.12,106.32,Liberbank Oviedo
https://www.proballers.com/es/baloncesto/equipo/2243/alimerka-oviedo,2019,8,24,1682.0,70.08,1774.0,73.92,383.0,15.96,129.0,5.38,318.0,13.25,56.0,2.33,163.0,6.79,606.0,25.25,769.0,32.04,0.0,0.0,0.0,0.0,0.0,0.0,388,16.17,786,32.75,198,8.25,623,25.96,312,13.0,416,17.33,586,24.42,1409,58.71,33.33,52.83,20.05,21.2,1747.04,72.79,96.28,Liberbank Oviedo
https://www.proballers.com/es/baloncesto/equipo/2243/alimerka-oviedo,2020,16,26,2074.0,79.77,2153.0,82.81,328.0,12.62,153.0,5.88,295.0,11.35,58.0,2.23,204.0,7.85,588.0,22.62,792.0,30.46,0.0,0.0,0.0,0.0,0.0,0.0,525,20.19,1007,38.73,216,8.31,556,21.38,376,14.46,511,19.65,741,28.5,1563,60.12,61.54,58.0,15.75,25.76,1878.84,72.26,110.39,Liberbank Oviedo
https://www.proballers.com/es/baloncesto/equipo/2243/alimerka-oviedo,2021,19,34,2610.0,76.76,2661.0,78.26,420.0,12.35,229.0,6.74,396.0,11.65,52.0,1.53,354.0,10.41,795.0,23.38,1149.0,33.79,0.0,0.0,0.0,0.0,0.0,0.0,692,20.35,1411,41.5,259,7.62,772,22.71,449,13.21,620,18.24,951,27.97,2183,64.21,55.88,53.14,14.73,30.81,2497.8,73.46,104.49,Liberbank Oviedo
https://www.proballers.com/es/baloncesto/equipo/2243/alimerka-oviedo,2022,11,34,2384.0,70.12,2353.0,69.21,435.0,12.79,241.0,7.09,452.0,13.29,100.0,2.94,263.0,7.74,784.0,23.06,1047.0,30.79,0.0,0.0,0.0,0.0,0.0,0.0,619,18.21,1272,37.41,234,6.88,810,23.82,444,13.06,617,18.15,853,25.09,2082,61.24,32.35,50.65,15.51,25.12,2542.48,74.78,93.77,Liberbank Oviedo
https://www.proballers.com/es/baloncesto/equipo/2243/alimerka-oviedo,2023,13,34,2674.0,78.65,2698.0,79.35,528.0,15.53,199.0,5.85,396.0,11.65,75.0,2.21,356.0,10.47,736.0,21.65,1092.0,32.12,0.0,0.0,0.0,0.0,0.0,0.0,602,17.71,1207,35.5,344,10.12,985,28.97,438,12.88,666,19.59,946,27.82,2192,64.47,38.24,53.8,18.33,32.6,2525.04,74.27,105.9,Liberbank Oviedo
https://www.proballers.com/es/baloncesto/equipo/2243/alimerka-oviedo,2024,14,34,2673.0,78.62,2650.0,77.94,490.0,14.41,203.0,5.97,397.0,11.68,51.0,1.5,333.0,9.79,772.0,22.71,1105.0,32.5,0.0,0.0,0.0,0.0,0.0,0.0,651,19.15,1286,37.82,291,8.56,925,27.21,498,14.65,704,20.71,942,27.71,2211,65.03,41.18,53.02,16.79,30.14,2584.76,76.02,103.41,Liberbank Oviedo
https://www.proballers.com/es/baloncesto/equipo/2243/alimerka-oviedo,2025,4,10,819.0,81.9,845.0,84.5,156.0,15.6,66.0,6.6,145.0,14.5,22.0,2.2,102.0,10.2,244.0,24.4,346.0,34.6,0.0,0.0,0.0,0.0,0.0,0.0,191,19.1,342,34.2,97,9.7,304,30.4,146,14.6,207,20.7,288,28.8,646,64.6,40.0,55.56,17.69,29.48,780.08,78.01,104.99,Liberbank Oviedo
https://www.proballers.com/es/baloncesto/equipo/2244/fc-barcelona-ii,2015,13,30,2271.0,75.7,2270.0,75.67,371.0,12.37,170.0,5.67,384.0,12.8,83.0,2.77,343.0,11.43,716.0,23.87,1059.0,35.3,0.0,0.0,0.0,0.0,0.0,0.0,562,18.73,1147,38.23,260,8.67,845,28.17,367,12.23,497,16.57,822,27.4,1992,66.4,43.33,51.36,14.3,32.39,2251.68,75.06,100.86,FC Barcelona II
https://www.proballers.com/es/baloncesto/equipo/2244/fc-barcelona-ii,2016,13,34,2538.0,74.65,2586.0,76.06,450.0,13.24,198.0,5.82,501.0,14.74,119.0,3.5,391.0,11.5,814.0,23.94,1205.0,35.44,0.0,0.0,0.0,0.0,0.0,0.0,681,20.03,1382,40.65,250,7.35,775,22.79,426,12.53,623,18.32,931,27.38,2157,63.44,38.24,52.2,15.35,32.45,2541.12,74.74,99.88,FC Barcelona II
https://www.proballers.com/es/baloncesto/equipo/2244/fc-barcelona-ii,2017,13,34,2575.0,75.74,2665.0,78.38,463.0,13.62,238.0,7.0,436.0,12.82,98.0,2.88,355.0,10.44,823.0,24.21,1178.0,34.65,0.0,0.0,0.0,0.0,0.0,0.0,689,20.26,1422,41.82,243,7.15,771,22.68,468,13.76,658,19.35,932,27.41,2193,64.5,38.24,51.86,15.86,30.14,2563.52,75.4,100.45,FC Barcelona II
https://www.proballers.com/es/baloncesto/equipo/2244/fc-barcelona-ii,2018,9,34,2384.0,70.12,2366.0,69.59,480.0,14.12,248.0,7.29,497.0,14.62,111.0,3.26,343.0,10.09,752.0,22.12,1095.0,32.21,0.0,0.0,0.0,0.0,0.0,0.0,582,17.12,1219,35.85,291,8.56,947,27.85,347,10.21,509,14.97,873,25.68,2166,63.71,26.47,49.88,16.63,31.32,2543.96,74.82,93.71,FC Barcelona II
https://www.proballers.com/es/baloncesto/equipo/2245/biele-isb,2017,12,34,2426.0,71.35,2365.0,69.56,400.0,11.76,163.0,4.79,415.0,12.21,58.0,1.71,279.0,8.21,763.0,22.44,1042.0,30.65,0.0,0.0,0.0,0.0,0.0,0.0,607,17.85,1256,36.94,278,8.18,796,23.41,378,11.12,520,15.29,885,26.03,2052,60.35,35.29,53.18,14.84,26.78,2416.8,71.08,100.38,Juaristi ISB
https://www.proballers.com/es/baloncesto/equipo/2245/biele-isb,2021,13,34,2611.0,76.79,2547.0,74.91,428.0,12.59,186.0,5.47,463.0,13.62,58.0,1.71,289.0,8.5,760.0,22.35,1049.0,30.85,0.0,0.0,0.0,0.0,0.0,0.0,659,19.38,1230,36.18,298,8.76,874,25.71,399,11.74,574,16.88,957,28.15,2104,61.88,38.24,55.4,15.18,27.55,2530.56,74.43,103.18,Juaristi ISB
https://www.proballers.com/es/baloncesto/equipo/2245/biele-isb,2022,8,34,2489.0,73.21,2285.0,67.21,364.0,10.71,206.0,6.06,450.0,13.24,52.0,1.53,313.0,9.21,749.0,22.03,1062.0,31.24,0.0,0.0,0.0,0.0,0.0,0.0,608,17.88,1253,36.85,289,8.5,890,26.18,406,11.94,598,17.59,897,26.38,2143,63.03,23.53,51.72,12.74,29.47,2543.12,74.8,97.87,Juaristi ISB
https://www.proballers.com/es/baloncesto/equipo/2556/araberri-basket-club,2016,14,34,2664.0,78.35,2772.0,81.53,435.0,12.79,224.0,6.59,293.0,8.62,51.0,1.5,313.0,9.21,687.0,20.21,1000.0,29.41,0.0,0.0,0.0,0.0,0.0,0.0,650,19.12,1249,36.74,315,9.26,876,25.76,419,12.32,568,16.71,965,28.38,2125,62.5,41.18,56.09,16.3,31.3,2354.92,69.26,113.12,Araberri Basket Club
https://www.proballers.com/es/baloncesto/equipo/2556/araberri-basket-club,2017,15,34,2821.0,82.97,2979.0,87.62,475.0,13.97,242.0,7.12,369.0,10.85,83.0,2.44,361.0,10.62,775.0,22.79,1136.0,33.41,0.0,0.0,0.0,0.0,0.0,0.0,802,23.59,1635,48.09,267,7.85,690,20.29,416,12.24,569,16.74,1069,31.44,2325,68.38,44.12,54.77,16.13,31.78,2583.36,75.98,109.2,Araberri Basket Club
https://www.proballers.com/es/baloncesto/equipo/2556/araberri-basket-club,2018,7,34,2516.0,74.0,2453.0,72.15,382.0,11.24,233.0,6.85,424.0,12.47,86.0,2.53,373.0,10.97,790.0,23.24,1163.0,34.21,0.0,0.0,0.0,0.0,0.0,0.0,689,20.26,1418,41.71,258,7.59,853,25.09,364,10.71,543,15.97,947,27.85,2271,66.79,20.59,50.12,13.02,32.07,2560.92,75.32,98.25,Araberri Basket Club
https://www.proballers.com/es/baloncesto/equipo/2796/fibwi-palma,2015,14,30,2309.0,76.97,2520.0,84.0,456.0,15.2,178.0,5.93,372.0,12.4,81.0,2.7,277.0,9.23,693.0,23.1,970.0,32.33,0.0,0.0,0.0,0.0,0.0,0.0,555,18.5,1050,35.0,297,9.9,790,26.33,308,10.27,422,14.07,852,28.4,1840,61.33,46.67,56.99,19.02,28.56,2120.68,70.69,108.88,Palma
https://www.proballers.com/es/baloncesto/equipo/2796/fibwi-palma,2016,19,34,2708.0,79.65,2817.0,82.85,452.0,13.29,207.0,6.09,397.0,11.68,58.0,1.71,295.0,8.68,781.0,22.97,1076.0,31.65,0.0,0.0,0.0,0.0,0.0,0.0,588,17.29,1184,34.82,376,11.06,939,27.62,404,11.88,532,15.65,964,28.35,2123,62.44,55.88,57.44,16.41,27.42,2459.08,72.33,110.12,Palma
https://www.proballers.com/es/baloncesto/equipo/2796/fibwi-palma,2017,13,34,2506.0,73.71,2643.0,77.74,448.0,13.18,203.0,5.97,365.0,10.74,52.0,1.53,253.0,7.44,756.0,22.24,1009.0,29.68,0.0,0.0,0.0,0.0,0.0,0.0,601,17.68,1169,34.38,333,9.79,873,25.68,305,8.97,407,11.97,934,27.47,2042,60.06,38.24,56.41,17.32,25.07,2333.08,68.62,107.41,Palma
https://www.proballers.com/es/baloncesto/equipo/2796/fibwi-palma,2018,22,34,2675.0,78.68,2910.0,85.59,495.0,14.56,235.0,6.91,397.0,11.68,60.0,1.76,309.0,9.09,792.0,23.29,1101.0,32.38,0.0,0.0,0.0,0.0,0.0,0.0,706,20.76,1288,37.88,285,8.38,803,23.62,408,12.0,567,16.68,991,29.15,2091,61.5,64.71,57.15,18.08,28.07,2428.48,71.43,110.15,Palma
https://www.proballers.com/es/baloncesto/equipo/2796/fibwi-palma,2019,15,24,1839.0,76.62,1998.0,83.25,354.0,14.75,154.0,6.42,319.0,13.29,68.0,2.83,228.0,9.5,622.0,25.92,850.0,35.42,0.0,0.0,0.0,0.0,0.0,0.0,429,17.88,851,35.46,217,9.04,632,26.33,330,13.75,441,18.38,646,26.92,1483,61.79,62.5,54.83,17.74,26.82,1768.04,73.67,104.01,Palma
https://www.proballers.com/es/baloncesto/equipo/2796/fibwi-palma,2020,15,28,2162.0,77.21,2195.0,78.39,397.0,14.18,236.0,8.43,363.0,12.96,34.0,1.21,249.0,8.89,606.0,21.64,855.0,30.54,0.0,0.0,0.0,0.0,0.0,0.0,567,20.25,1108,39.57,207,7.39,664,23.71,407,14.54,535,19.11,774,27.64,1772,63.29,53.57,53.85,16.75,29.12,2121.4,75.76,101.91,Palma
https://www.proballers.com/es/baloncesto/equipo/2796/fibwi-palma,2021,10,34,2669.0,78.5,2639.0,77.62,471.0,13.85,246.0,7.24,480.0,14.12,103.0,3.03,321.0,9.44,779.0,22.91,1100.0,32.35,0.0,0.0,0.0,0.0,0.0,0.0,723,21.26,1446,42.53,261,7.68,825,24.26,440,12.94,623,18.32,984,28.94,2271,66.79,29.41,52.43,15.57,29.18,2704.12,79.53,98.7,Palma
https://www.proballers.com/es/baloncesto/equipo/2796/fibwi-palma,2025,5,9,714.0,79.33,726.0,80.67,156.0,17.33,82.0,9.11,111.0,12.33,19.0,2.11,86.0,9.56,143.0,15.89,229.0,25.44,0.0,0.0,0.0,0.0,0.0,0.0,175,19.44,315,35.0,82,9.11,257,28.56,118,13.11,166,18.44,257,28.56,572,63.56,55.56,55.35,20.63,37.55,670.04,74.45,106.56,Palma
https://www.proballers.com/es/baloncesto/equipo/3006/marin-peixe-galego,2016,8,34,2479.0,72.91,2419.0,71.15,419.0,12.32,246.0,7.24,418.0,12.29,68.0,2.0,255.0,7.5,700.0,20.59,955.0,28.09,0.0,0.0,0.0,0.0,0.0,0.0,647,19.03,1280,37.65,258,7.59,786,23.12,411,12.09,580,17.06,905,26.62,2066,60.76,23.53,53.4,15.3,26.7,2484.2,73.06,99.79,Marin Peixe Galego
https://www.proballers.com/es/baloncesto/equipo/3006/marin-peixe-galego,2019,4,24,1610.0,67.08,1519.0,63.29,253.0,10.54,149.0,6.21,286.0,11.92,61.0,2.54,228.0,9.5,556.0,23.17,784.0,32.67,0.0,0.0,0.0,0.0,0.0,0.0,435,18.12,975,40.62,157,6.54,535,22.29,269,11.21,403,16.79,592,24.67,1510,62.92,16.67,47.71,12.82,29.08,1745.32,72.72,92.25,Marin Peixe Galego
https://www.proballers.com/es/baloncesto/equipo/3129/c-b-moron,2024,4,34,2430.0,71.47,2308.0,67.88,377.0,11.09,234.0,6.88,433.0,12.74,67.0,1.97,313.0,9.21,745.0,21.91,1058.0,31.12,0.0,0.0,0.0,0.0,0.0,0.0,670,19.71,1342,39.47,227,6.68,810,23.82,409,12.03,579,17.03,897,26.38,2152,63.29,11.76,50.48,13.28,29.58,2526.76,74.32,96.17,C.B. Moron
https://www.proballers.com/es/baloncesto/equipo/3175/albacete,2022,7,34,2492.0,73.29,2414.0,71.0,447.0,13.15,207.0,6.09,381.0,11.21,33.0,0.97,291.0,8.56,812.0,23.88,1103.0,32.44,0.0,0.0,0.0,0.0,0.0,0.0,584,17.18,1214,35.71,286,8.41,923,27.15,466,13.71,686,20.18,870,25.59,2137,62.85,20.59,51.09,15.85,26.38,2528.84,74.38,98.54,Albacete
https://www.proballers.com/es/baloncesto/equipo/3176/cb-zamora,2024,13,34,2674.0,78.65,2729.0,80.26,468.0,13.76,224.0,6.59,450.0,13.24,43.0,1.26,270.0,7.94,840.0,24.71,1110.0,32.65,0.0,0.0,0.0,0.0,0.0,0.0,656,19.29,1257,36.97,300,8.82,866,25.47,462,13.59,635,18.68,956,28.12,2123,62.44,38.24,55.65,16.41,24.32,2582.4,75.95,103.55,Zamora
https://www.proballers.com/es/baloncesto/equipo/3176/cb-zamora,2025,5,10,876.0,87.6,894.0,89.4,133.0,13.3,58.0,5.8,149.0,14.9,25.0,2.5,92.0,9.2,244.0,24.4,336.0,33.6,0.0,0.0,0.0,0.0,0.0,0.0,222,22.2,425,42.5,82,8.2,200,20.0,186,18.6,250,25.0,304,30.4,625,62.5,50.0,59.59,15.05,27.38,792.0,79.2,110.61,Zamora
https://www.proballers.com/es/baloncesto/equipo/405/baxi-manresa,2017,24,34,2683.0,78.91,3006.0,88.41,506.0,14.88,263.0,7.74,381.0,11.21,110.0,3.24,345.0,10.15,804.0,23.65,1149.0,33.79,0.0,0.0,0.0,0.0,0.0,0.0,750,22.06,1386,40.76,249,7.32,770,22.65,436,12.82,603,17.74,999,29.38,2156,63.41,70.59,55.4,18.06,30.03,2457.32,72.27,109.18,ICL Manresa
https://www.proballers.com/es/baloncesto/equipo/667/melilla-ciudad-del-deporte-1,2015,22,30,2427.0,80.9,2762.0,92.07,487.0,16.23,206.0,6.87,427.0,14.23,91.0,3.03,286.0,9.53,736.0,24.53,1022.0,34.07,0.0,0.0,0.0,0.0,0.0,0.0,655,21.83,1177,39.23,253,8.43,659,21.97,358,11.93,474,15.8,908,30.27,1836,61.2,73.33,59.35,19.7,27.98,2185.56,72.85,111.05,Melilla Ciudad Del Deporte 1
https://www.proballers.com/es/baloncesto/equipo/667/melilla-ciudad-del-deporte-1,2016,19,34,2642.0,77.71,2919.0,85.85,525.0,15.44,257.0,7.56,453.0,13.32,87.0,2.56,277.0,8.15,821.0,24.15,1098.0,32.29,0.0,0.0,0.0,0.0,0.0,0.0,655,19.26,1165,34.26,306,9.0,883,25.97,414,12.18,564,16.59,961,28.26,2048,60.24,55.88,57.53,19.1,25.23,2472.16,72.71,106.87,Melilla Ciudad Del Deporte 1
https://www.proballers.com/es/baloncesto/equipo/667/melilla-ciudad-del-deporte-1,2017,21,34,2534.0,74.53,2835.0,83.38,517.0,15.21,182.0,5.35,387.0,11.38,89.0,2.62,283.0,8.32,859.0,25.26,1142.0,33.59,0.0,0.0,0.0,0.0,0.0,0.0,660,19.41,1211,35.62,295,8.68,833,24.5,329,9.68,482,14.18,955,28.09,2044,60.12,61.76,56.16,19.56,24.78,2360.08,69.41,107.37,Melilla Ciudad Del Deporte 1
https://www.proballers.com/es/baloncesto/equipo/667/melilla-ciudad-del-deporte-1,2018,21,34,2536.0,74.59,2778.0,81.71,480.0,14.12,253.0,7.44,447.0,13.15,82.0,2.41,327.0,9.62,860.0,25.29,1187.0,34.91,0.0,0.0,0.0,0.0,0.0,0.0,735,21.62,1446,42.53,226,6.65,673,19.79,388,11.41,543,15.97,961,28.26,2119,62.32,61.76,53.78,17.11,27.55,2477.92,72.88,102.34,Melilla Ciudad Del Deporte 1
https://www.proballers.com/es/baloncesto/equipo/667/melilla-ciudad-del-deporte-1,2019,15,24,1825.0,76.04,2120.0,88.33,446.0,18.58,170.0,7.08,312.0,13.0,78.0,3.25,281.0,11.71,615.0,25.62,896.0,37.33,0.0,0.0,0.0,0.0,0.0,0.0,494,20.58,977,40.71,193,8.04,562,23.42,258,10.75,389,16.21,687,28.62,1539,64.12,62.5,53.36,22.06,31.36,1741.16,72.55,104.82,Melilla Ciudad Del Deporte 1
https://www.proballers.com/es/baloncesto/equipo/667/melilla-ciudad-del-deporte-1,2020,11,26,1978.0,76.08,1980.0,76.15,341.0,13.12,144.0,5.54,328.0,12.62,35.0,1.35,245.0,9.42,598.0,23.0,843.0,32.42,0.0,0.0,0.0,0.0,0.0,0.0,536,20.62,1036,39.85,191,7.35,564,21.69,333,12.81,493,18.96,727,27.96,1600,61.54,42.31,54.43,15.9,29.06,1899.92,73.07,104.11,Melilla Ciudad Del Deporte 1
https://www.proballers.com/es/baloncesto/equipo/667/melilla-ciudad-del-deporte-1,2021,14,34,2559.0,75.26,2526.0,74.29,443.0,13.03,223.0,6.56,427.0,12.56,34.0,1.0,295.0,8.68,742.0,21.82,1037.0,30.5,0.0,0.0,0.0,0.0,0.0,0.0,622,18.29,1241,36.5,303,8.91,857,25.21,406,11.94,576,16.94,925,27.21,2098,61.71,41.18,54.41,15.94,28.45,2483.44,73.04,103.04,Melilla Ciudad Del Deporte 1
https://www.proballers.com/es/baloncesto/equipo/667/melilla-ciudad-del-deporte-1,2022,8,34,2612.0,76.82,2587.0,76.09,476.0,14.0,186.0,5.47,499.0,14.68,62.0,1.82,337.0,9.91,818.0,24.06,1155.0,33.97,0.0,0.0,0.0,0.0,0.0,0.0,597,17.56,1210,35.59,321,9.44,899,26.44,455,13.38,669,19.68,918,27.0,2109,62.03,23.53,54.34,16.4,29.18,2565.36,75.45,101.82,Melilla Ciudad Del Deporte 1
https://www.proballers.com/es/baloncesto/equipo/667/melilla-ciudad-del-deporte-1,2023,10,34,2577.0,75.79,2743.0,80.68,545.0,16.03,205.0,6.03,409.0,12.03,55.0,1.62,275.0,8.09,765.0,22.5,1040.0,30.59,0.0,0.0,0.0,0.0,0.0,0.0,609,17.91,1195,35.15,318,9.35,875,25.74,405,11.91,532,15.65,927,27.26,2070,60.88,29.41,55.92,20.09,26.44,2438.08,71.71,105.7,Melilla Ciudad Del Deporte 1
https://www.proballers.com/es/baloncesto/equipo/667/melilla-ciudad-del-deporte-1,2025,2,10,778.0,77.8,791.0,79.1,154.0,15.4,54.0,5.4,157.0,15.7,11.0,1.1,104.0,10.4,252.0,25.2,356.0,35.6,0.0,0.0,0.0,0.0,0.0,0.0,181,18.1,362,36.2,85,8.5,266,26.6,161,16.1,204,20.4,266,26.6,628,62.8,20.0,54.2,17.6,29.21,770.76,77.08,100.94,Melilla Ciudad Del Deporte 1
https://www.proballers.com/es/baloncesto/equipo/669/hestia-menorca,2023,14,34,2474.0,72.76,2415.0,71.03,421.0,12.38,198.0,5.82,424.0,12.47,77.0,2.26,341.0,10.03,617.0,18.15,958.0,28.18,0.0,0.0,0.0,0.0,0.0,0.0,624,18.35,1209,35.56,256,7.53,777,22.85,458,13.47,641,18.85,880,25.88,1986,58.41,41.18,54.54,15.64,35.59,2351.04,69.15,105.23,Hestia Menorca
https://www.proballers.com/es/baloncesto/equipo/669/hestia-menorca,2024,11,34,2514.0,73.94,2393.0,70.38,379.0,11.15,186.0,5.47,378.0,11.12,62.0,1.82,333.0,9.79,766.0,22.53,1099.0,32.32,0.0,0.0,0.0,0.0,0.0,0.0,581,17.09,1243,36.56,284,8.35,914,26.88,500,14.71,677,19.91,865,25.44,2157,63.44,32.35,51.2,13.38,30.3,2499.88,73.53,100.56,Hestia Menorca
https://www.proballers.com/es/baloncesto/equipo/669/hestia-menorca,2025,4,9,731.0,81.22,736.0,81.78,139.0,15.44,62.0,6.89,111.0,12.33,11.0,1.22,108.0,12.0,177.0,19.67,285.0,31.67,0.0,0.0,0.0,0.0,0.0,0.0,143,15.89,288,32.0,97,10.78,288,32.0,154,17.11,199,22.11,240,26.67,576,64.0,44.44,55.08,17.95,37.89,666.56,74.06,109.67,Hestia Menorca
https://www.proballers.com/es/baloncesto/equipo/670/ourense,2015,15,30,2229.0,74.3,2213.0,73.77,305.0,10.17,236.0,7.87,425.0,14.17,61.0,2.03,308.0,10.27,618.0,20.6,926.0,30.87,0.0,0.0,0.0,0.0,0.0,0.0,587,19.57,1095,36.5,224,7.47,688,22.93,383,12.77,530,17.67,811,27.03,1783,59.43,50.0,55.28,12.49,33.26,2133.2,71.11,104.49,Ourense
https://www.proballers.com/es/baloncesto/equipo/670/ourense,2016,18,34,2586.0,76.06,2638.0,77.59,405.0,11.91,227.0,6.68,485.0,14.26,59.0,1.74,266.0,7.82,802.0,23.59,1068.0,31.41,0.0,0.0,0.0,0.0,0.0,0.0,652,19.18,1192,35.06,307,9.03,804,23.65,361,10.62,546,16.06,959,28.21,1996,58.71,52.94,57.82,14.88,24.91,2455.24,72.21,105.33,Ourense
https://www.proballers.com/es/baloncesto/equipo/670/ourense,2017,13,34,2541.0,74.74,2601.0,76.5,404.0,11.88,215.0,6.32,444.0,13.06,77.0,2.26,352.0,10.35,798.0,23.47,1150.0,33.82,0.0,0.0,0.0,0.0,0.0,0.0,688,20.24,1324,38.94,243,7.15,795,23.38,436,12.82,590,17.35,931,27.38,2119,62.32,38.24,53.41,14.31,30.61,2470.6,72.66,102.85,Ourense
https://www.proballers.com/es/baloncesto/equipo/670/ourense,2018,20,34,2528.0,74.35,2734.0,80.41,478.0,14.06,281.0,8.26,440.0,12.94,100.0,2.94,319.0,9.38,812.0,23.88,1131.0,33.26,0.0,0.0,0.0,0.0,0.0,0.0,647,19.03,1325,38.97,268,7.88,753,22.15,430,12.65,611,17.97,915,26.91,2078,61.12,58.82,53.86,17.15,28.21,2467.84,72.58,102.44,Ourense
https://www.proballers.com/es/baloncesto/equipo/670/ourense,2019,10,24,1710.0,71.25,1814.0,75.58,369.0,15.38,135.0,5.62,308.0,12.83,36.0,1.5,184.0,7.67,555.0,23.12,739.0,30.79,0.0,0.0,0.0,0.0,0.0,0.0,420,17.5,790,32.92,212,8.83,596,24.83,234,9.75,347,14.46,632,26.33,1386,57.75,41.67,55.57,19.98,24.9,1662.68,69.28,102.85,Ourense
https://www.proballers.com/es/baloncesto/equipo/670/ourense,2020,11,26,1962.0,75.46,1927.0,74.12,315.0,12.12,142.0,5.46,302.0,11.62,22.0,0.85,218.0,8.38,522.0,20.08,740.0,28.46,0.0,0.0,0.0,0.0,0.0,0.0,482,18.54,955,36.73,228,8.77,583,22.42,314,12.08,438,16.85,710,27.31,1538,59.15,42.31,56.68,15.5,29.46,1814.72,69.8,108.12,Ourense
https://www.proballers.com/es/baloncesto/equipo/670/ourense,2022,12,34,2468.0,72.59,2480.0,72.94,512.0,15.06,156.0,4.59,395.0,11.62,71.0,2.09,263.0,7.74,778.0,22.88,1041.0,30.62,0.0,0.0,0.0,0.0,0.0,0.0,579,17.03,1168,34.35,312,9.18,935,27.5,374,11.0,535,15.74,891,26.21,2103,61.85,35.29,52.77,18.73,25.26,2470.4,72.66,99.9,Ourense
https://www.proballers.com/es/baloncesto/equipo/670/ourense,2023,14,34,2504.0,73.65,2501.0,73.56,545.0,16.03,163.0,4.79,409.0,12.03,68.0,2.0,308.0,9.06,756.0,22.24,1064.0,31.29,0.0,0.0,0.0,0.0,0.0,0.0,606,17.82,1172,34.47,294,8.65,914,26.88,410,12.06,658,19.35,900,26.47,2086,61.35,41.18,52.7,19.57,28.95,2476.52,72.84,101.11,Ourense
https://www.proballers.com/es/baloncesto/equipo/670/ourense,2024,14,34,2796.0,82.24,2912.0,85.65,504.0,14.82,204.0,6.0,463.0,13.62,82.0,2.41,365.0,10.74,788.0,23.18,1153.0,33.91,0.0,0.0,0.0,0.0,0.0,0.0,709,20.85,1306,38.41,293,8.62,877,25.79,499,14.68,682,20.06,1002,29.47,2183,64.21,41.18,56.3,17.11,31.66,2581.08,75.91,108.33,Ourense
https://www.proballers.com/es/baloncesto/equipo/670/ourense,2025,6,9,766.0,85.11,811.0,90.11,123.0,13.67,71.0,7.89,102.0,11.33,29.0,3.22,127.0,14.11,199.0,22.11,326.0,36.22,0.0,0.0,0.0,0.0,0.0,0.0,199,22.11,385,42.78,69,7.67,204,22.67,161,17.89,242,26.89,268,29.78,589,65.44,66.67,55.07,15.42,38.96,670.48,74.5,114.25,Ourense
https://www.proballers.com/es/baloncesto/equipo/844/surne-bilbao,2018,24,34,2626.0,77.24,3000.0,88.24,582.0,17.12,280.0,8.24,366.0,10.76,102.0,3.0,333.0,9.79,827.0,24.32,1160.0,34.12,0.0,0.0,0.0,0.0,0.0,0.0,693,20.38,1279,37.62,289,8.5,935,27.5,373,10.97,525,15.44,982,28.88,2214,65.12,70.59,53.7,20.7,28.71,2478.0,72.88,105.97,RETAbet Bilbao
https://www.proballers.com/es/baloncesto/equipo/908/gipuzkoa-basket,2016,25,34,2600.0,76.47,2775.0,81.62,473.0,13.91,268.0,7.88,437.0,12.85,70.0,2.06,380.0,11.18,862.0,25.35,1242.0,36.53,0.0,0.0,0.0,0.0,0.0,0.0,657,19.32,1343,39.5,319,9.38,948,27.88,329,9.68,455,13.38,976,28.71,2291,67.38,73.53,52.18,16.15,30.6,2548.2,74.95,102.03,Delteco GBC
https://www.proballers.com/es/baloncesto/equipo/908/gipuzkoa-basket,2019,18,24,1821.0,75.88,2027.0,84.46,362.0,15.08,201.0,8.38,256.0,10.67,72.0,3.0,214.0,8.92,578.0,24.08,792.0,33.0,0.0,0.0,0.0,0.0,0.0,0.0,497,20.71,965,40.21,182,7.58,566,23.58,281,11.71,394,16.42,679,28.29,1531,63.79,75.0,53.42,18.47,27.02,1746.36,72.76,104.27,Delteco GBC
https://www.proballers.com/es/baloncesto/equipo/908/gipuzkoa-basket,2021,17,34,2609.0,76.74,2672.0,78.59,505.0,14.85,206.0,6.06,398.0,11.71,42.0,1.24,268.0,7.88,724.0,21.29,992.0,29.18,0.0,0.0,0.0,0.0,0.0,0.0,627,18.44,1217,35.79,333,9.79,906,26.65,356,10.47,477,14.03,960,28.24,2123,62.44,50.0,55.92,18.49,27.02,2462.88,72.44,105.93,Delteco GBC
https://www.proballers.com/es/baloncesto/equipo/908/gipuzkoa-basket,2022,19,34,2628.0,77.29,2819.0,82.91,498.0,14.65,245.0,7.21,382.0,11.24,49.0,1.44,270.0,7.94,776.0,22.82,1046.0,30.76,0.0,0.0,0.0,0.0,0.0,0.0,624,18.35,1169,34.38,328,9.65,926,27.24,396,11.65,518,15.24,952,28.0,2095,61.62,55.88,56.57,18.41,25.81,2434.92,71.62,107.93,Delteco GBC
https://www.proballers.com/es/baloncesto/equipo/908/gipuzkoa-basket,2023,23,34,2819.0,82.91,3159.0,92.91,567.0,16.68,198.0,5.82,453.0,13.32,56.0,1.65,358.0,10.53,840.0,24.71,1198.0,35.24,0.0,0.0,0.0,0.0,0.0,0.0,743,21.85,1314,38.65,287,8.44,750,22.06,472,13.88,664,19.53,1030,30.29,2064,60.71,67.65,59.82,20.18,29.88,2451.16,72.09,115.01,Delteco GBC
https://www.proballers.com/es/baloncesto/equipo/908/gipuzkoa-basket,2024,16,34,2667.0,78.44,2774.0,81.59,502.0,14.76,271.0,7.97,441.0,12.97,63.0,1.85,343.0,10.09,779.0,22.91,1122.0,33.0,0.0,0.0,0.0,0.0,0.0,0.0,668,19.65,1305,38.38,285,8.38,872,25.65,476,14.0,662,19.47,953,28.03,2177,64.03,47.06,54.03,17.26,30.57,2566.28,75.48,103.92,Delteco GBC
https://www.proballers.com/es/baloncesto/equipo/908/gipuzkoa-basket,2025,3,9,705.0,78.33,736.0,81.78,125.0,13.89,61.0,6.78,105.0,11.67,28.0,3.11,104.0,11.56,204.0,22.67,308.0,34.22,0.0,0.0,0.0,0.0,0.0,0.0,166,18.44,305,33.89,79,8.78,274,30.44,136,15.11,188,20.89,245,27.22,579,64.33,33.33,53.27,16.3,33.77,662.72,73.64,106.38,Delteco GBC
https://www.proballers.com/es/baloncesto/equipo/909/san-pablo-burgos,2015,18,30,2290.0,76.33,2480.0,82.67,424.0,14.13,213.0,7.1,347.0,11.57,68.0,2.27,262.0,8.73,715.0,23.83,977.0,32.57,0.0,0.0,0.0,0.0,0.0,0.0,581,19.37,1142,38.07,261,8.7,708,23.6,345,11.5,482,16.07,842,28.07,1850,61.67,60.0,55.53,17.6,26.82,2147.08,71.57,106.66,San Pablo Burgos
https://www.proballers.com/es/baloncesto/equipo/909/san-pablo-burgos,2016,24,34,2787.0,81.97,3181.0,93.56,576.0,16.94,248.0,7.29,405.0,11.91,65.0,1.91,311.0,9.15,866.0,25.47,1177.0,34.62,0.0,0.0,0.0,0.0,0.0,0.0,674,19.82,1252,36.82,352,10.35,926,27.24,383,11.26,498,14.65,1026,30.18,2178,64.06,70.59,58.13,20.56,26.42,2491.12,73.27,111.88,San Pablo Burgos
https://www.proballers.com/es/baloncesto/equipo/909/san-pablo-burgos,2022,22,34,2849.0,83.79,3133.0,92.15,606.0,17.82,248.0,7.29,380.0,11.18,58.0,1.71,291.0,8.56,817.0,24.03,1108.0,32.59,0.0,0.0,0.0,0.0,0.0,0.0,665,19.56,1181,34.74,338,9.94,975,28.68,505,14.85,708,20.82,1003,29.5,2156,63.41,64.71,57.73,21.28,26.26,2556.52,75.19,111.44,San Pablo Burgos
https://www.proballers.com/es/baloncesto/equipo/909/san-pablo-burgos,2023,26,34,2964.0,87.18,3334.0,98.06,624.0,18.35,265.0,7.79,374.0,11.0,66.0,1.94,287.0,8.44,846.0,24.88,1133.0,33.32,0.0,0.0,0.0,0.0,0.0,0.0,665,19.56,1196,35.18,386,11.35,1019,29.97,476,14.0,656,19.29,1051,30.91,2215,65.15,76.47,59.19,21.68,25.33,2590.64,76.2,114.41,San Pablo Burgos
https://www.proballers.com/es/baloncesto/equipo/909/san-pablo-burgos,2024,32,34,3011.0,88.56,3406.0,100.18,592.0,17.41,260.0,7.65,372.0,10.94,74.0,2.18,323.0,9.5,798.0,23.47,1121.0,32.97,0.0,0.0,0.0,0.0,0.0,0.0,739,21.74,1269,37.32,328,9.65,886,26.06,549,16.15,741,21.79,1067,31.38,2155,63.38,94.12,60.68,20.75,28.81,2530.04,74.41,119.01,San Pablo Burgos
https://www.proballers.com/es/baloncesto/equipo/910/rioverde-clavijo,2015,11,30,2351.0,78.37,2474.0,82.47,405.0,13.5,260.0,8.67,375.0,12.5,80.0,2.67,307.0,10.23,642.0,21.4,949.0,31.63,0.0,0.0,0.0,0.0,0.0,0.0,569,18.97,1124,37.47,250,8.33,732,24.4,463,15.43,622,20.73,819,27.3,1856,61.87,36.67,55.2,16.17,32.35,2197.68,73.26,106.98,Clavijo CB
https://www.proballers.com/es/baloncesto/equipo/910/rioverde-clavijo,2016,10,34,2614.0,76.88,2698.0,79.35,442.0,13.0,211.0,6.21,377.0,11.09,84.0,2.47,300.0,8.82,720.0,21.18,1020.0,30.0,0.0,0.0,0.0,0.0,0.0,0.0,669,19.68,1306,38.41,281,8.26,777,22.85,433,12.74,596,17.53,950,27.94,2083,61.26,29.41,55.73,16.24,29.41,2422.24,71.24,107.92,Clavijo CB
https://www.proballers.com/es/baloncesto/equipo/910/rioverde-clavijo,2017,12,34,2523.0,74.21,2597.0,76.38,441.0,12.97,318.0,9.35,431.0,12.68,79.0,2.32,394.0,11.59,691.0,20.32,1085.0,31.91,0.0,0.0,0.0,0.0,0.0,0.0,711,20.91,1434,42.18,239,7.03,769,22.62,384,11.29,549,16.15,950,27.94,2203,64.79,35.29,51.6,15.34,36.31,2481.56,72.99,101.67,Clavijo CB
https://www.proballers.com/es/baloncesto/equipo/910/rioverde-clavijo,2023,5,34,2384.0,70.12,2309.0,67.91,478.0,14.06,220.0,6.47,480.0,14.12,69.0,2.03,310.0,9.12,701.0,20.62,1011.0,29.74,0.0,0.0,0.0,0.0,0.0,0.0,608,17.88,1200,35.29,241,7.09,797,23.44,445,13.09,670,19.71,849,24.97,1997,58.74,14.71,52.01,17.25,30.66,2461.8,72.41,96.84,Clavijo CB
https://www.proballers.com/es/baloncesto/equipo/911/amics-castello,2015,13,30,2406.0,80.2,2442.0,81.4,398.0,13.27,239.0,7.97,461.0,15.37,56.0,1.87,248.0,8.27,678.0,22.6,926.0,30.87,0.0,0.0,0.0,0.0,0.0,0.0,663,22.1,1265,42.17,205,6.83,567,18.9,465,15.5,623,20.77,868,28.93,1832,61.07,43.33,57.12,15.5,26.78,2319.12,77.3,103.75,Amics Castello
https://www.proballers.com/es/baloncesto/equipo/911/amics-castello,2016,12,34,2706.0,79.59,2930.0,86.18,554.0,16.29,275.0,8.09,445.0,13.09,90.0,2.65,325.0,9.56,764.0,22.47,1089.0,32.03,0.0,0.0,0.0,0.0,0.0,0.0,702,20.65,1403,41.26,294,8.65,776,22.82,420,12.35,576,16.94,996,29.29,2179,64.09,35.29,55.62,19.25,29.84,2552.44,75.07,106.02,Amics Castello
https://www.proballers.com/es/baloncesto/equipo/911/amics-castello,2017,19,34,2629.0,77.32,2883.0,84.79,555.0,16.32,258.0,7.59,475.0,13.97,74.0,2.18,361.0,10.62,855.0,25.15,1216.0,35.76,0.0,0.0,0.0,0.0,0.0,0.0,730,21.47,1453,42.74,251,7.38,749,22.03,416,12.24,569,16.74,981,28.85,2202,64.76,55.88,53.6,18.96,29.69,2566.36,75.48,102.44,Amics Castello
https://www.proballers.com/es/baloncesto/equipo/911/amics-castello,2018,13,34,2567.0,75.5,2812.0,82.71,562.0,16.53,271.0,7.97,456.0,13.41,88.0,2.59,311.0,9.15,838.0,24.65,1149.0,33.79,0.0,0.0,0.0,0.0,0.0,0.0,674,19.82,1361,40.03,278,8.18,830,24.41,385,11.32,515,15.15,952,28.0,2191,64.44,38.24,53.09,19.56,27.07,2562.6,75.37,100.17,Amics Castello
https://www.proballers.com/es/baloncesto/equipo/911/amics-castello,2019,10,24,1901.0,79.21,2045.0,85.21,382.0,15.92,179.0,7.46,300.0,12.5,76.0,3.17,208.0,8.67,584.0,24.33,792.0,33.0,0.0,0.0,0.0,0.0,0.0,0.0,453,18.88,923,38.46,215,8.96,578,24.08,350,14.58,502,20.92,668,27.83,1501,62.54,41.67,55.2,18.89,26.26,1813.88,75.58,104.8,Amics Castello
https://www.proballers.com/es/baloncesto/equipo/911/amics-castello,2020,20,28,2266.0,80.93,2509.0,89.61,467.0,16.68,163.0,5.82,283.0,10.11,52.0,1.86,206.0,7.36,701.0,25.04,907.0,32.39,0.0,0.0,0.0,0.0,0.0,0.0,528,18.86,1011,36.11,274,9.79,694,24.79,388,13.86,548,19.57,802,28.64,1705,60.89,71.43,58.22,20.95,22.71,2023.12,72.25,112.01,Amics Castello
https://www.proballers.com/es/baloncesto/equipo/911/amics-castello,2021,17,34,2703.0,79.5,2935.0,86.32,581.0,17.09,208.0,6.12,408.0,12.0,61.0,1.79,292.0,8.59,794.0,23.35,1086.0,31.94,0.0,0.0,0.0,0.0,0.0,0.0,712,20.94,1342,39.47,275,8.09,812,23.88,454,13.35,583,17.15,987,29.03,2154,63.35,50.0,56.07,20.61,26.89,2526.52,74.31,106.99,Amics Castello
https://www.proballers.com/es/baloncesto/equipo/911/amics-castello,2022,17,34,2600.0,76.47,2736.0,80.47,533.0,15.68,224.0,6.59,434.0,12.76,88.0,2.59,271.0,7.97,808.0,23.76,1079.0,31.74,0.0,0.0,0.0,0.0,0.0,0.0,612,18.0,1237,36.38,300,8.82,848,24.94,476,14.0,657,19.32,912,26.82,2085,61.32,50.0,54.76,18.98,25.12,2537.08,74.62,102.48,Amics Castello
https://www.proballers.com/es/baloncesto/equipo/911/amics-castello,2023,11,34,2692.0,79.18,2780.0,81.76,572.0,16.82,227.0,6.68,466.0,13.71,71.0,2.09,296.0,8.71,781.0,22.97,1077.0,31.68,0.0,0.0,0.0,0.0,0.0,0.0,696,20.47,1391,40.91,237,6.97,717,21.09,589,17.32,807,23.74,933,27.44,2108,62.0,32.35,54.65,19.53,27.48,2633.08,77.44,102.24,Amics Castello
https://www.proballers.com/es/baloncesto/equipo/911/amics-castello,2024,10,34,2719.0,79.97,2771.0,81.5,541.0,15.91,209.0,6.15,496.0,14.59,88.0,2.59,318.0,9.35,873.0,25.68,1191.0,35.03,0.0,0.0,0.0,0.0,0.0,0.0,697,20.5,1420,41.76,255,7.5,773,22.74,560,16.47,800,23.53,952,28.0,2193,64.5,29.41,53.42,17.79,26.7,2723.0,80.09,99.85,Amics Castello
